gamma, StableEquil_1, StableEquil_2, UnstableEquil_1, UnstableEquil_2
0.000, 0.000000, 3.147876, 0.006283, -1
0.001, 0.000000, 3.147876, 0.006283, -1
0.002, 0.000000, 3.147876, 0.006283, -1
0.003, 0.000000, 3.147876, 0.006283, -1
0.004, 0.000000, 3.147876, 0.006283, -1
0.005, 0.000000, 3.147876, 0.006283, -1
0.006, 0.000000, 3.147876, 0.006283, -1
0.007, 0.000000, 3.147876, 0.006283, -1
0.008, 0.000000, 3.147876, 0.006283, -1
0.009, 0.000000, 3.147876, 0.006283, -1
0.010, 0.000000, 3.147876, 0.006283, -1
0.011, 0.000000, 3.147876, 0.006283, -1
0.012, 0.000000, 3.147876, 0.006283, -1
0.013, 0.000000, 3.147876, 0.006283, -1
0.014, 0.000000, 3.147876, 0.006283, -1
0.015, 0.000000, 3.147876, 0.006283, -1
0.016, 0.000000, 3.147876, 0.006283, -1
0.017, 0.000000, 3.147876, 0.006283, -1
0.018, 0.000000, 3.147876, 0.006283, -1
0.019, 0.000000, 3.147876, 0.006283, -1
0.020, 0.000000, 3.147876, 0.006283, -1
0.021, 0.000000, 3.147876, 0.006283, -1
0.022, 0.000000, 3.147876, 0.006283, -1
0.023, 0.000000, 3.147876, 0.006283, -1
0.024, 0.000000, 3.147876, 0.006283, -1
0.025, 0.000000, 3.147876, 0.006283, -1
0.026, 0.000000, 3.147876, 0.006283, -1
0.027, 0.000000, 3.147876, 0.006283, -1
0.028, 0.000000, 3.147876, 0.006283, -1
0.029, 0.000000, 3.147876, 0.006283, -1
0.030, 0.000000, 3.147876, 0.006283, -1
0.031, 0.000000, 3.147876, 0.006283, -1
0.032, 0.000000, 3.147876, 0.006283, -1
0.033, 0.000000, 3.147876, 0.006283, -1
0.034, 0.000000, 3.147876, 0.006283, -1
0.035, 0.000000, 3.147876, 0.006283, -1
0.036, 0.000000, 3.147876, 0.006283, -1
0.037, 0.000000, 3.147876, 0.006283, -1
0.038, 0.000000, 3.147876, 0.006283, -1
0.039, 0.000000, 3.147876, 0.006283, -1
0.040, 0.000000, 3.147876, 0.006283, -1
0.041, 0.000000, 3.147876, 0.006283, -1
0.042, 0.000000, 3.147876, 0.006283, -1
0.043, 0.000000, 3.147876, 0.006283, -1
0.044, 0.000000, 3.147876, 0.006283, -1
0.045, 0.000000, 3.147876, 0.006283, -1
0.046, 0.000000, 3.147876, 0.006283, -1
0.047, 0.000000, 3.147876, 0.006283, -1
0.048, 0.000000, 3.147876, 0.006283, -1
0.049, 0.000000, 3.147876, 0.006283, -1
0.050, 0.000000, 3.147876, 0.006283, -1
0.051, 0.000000, 3.147876, 0.006283, -1
0.052, 0.000000, 3.147876, 0.006283, -1
0.053, 0.000000, 3.147876, 0.006283, -1
0.054, 0.000000, 3.147876, 0.006283, -1
0.055, 0.000000, 3.147876, 0.006283, -1
0.056, 0.000000, 3.147876, 0.006283, -1
0.057, 0.000000, 3.147876, 0.006283, -1
0.058, 0.000000, 3.147876, 0.006283, -1
0.059, 0.000000, 3.147876, 0.006283, -1
0.060, 0.000000, 3.147876, 0.006283, -1
0.061, 0.000000, 3.147876, 0.006283, -1
0.062, 0.000000, 3.147876, 0.006283, -1
0.063, 0.000000, 3.147876, 0.006283, -1
0.064, 0.000000, 3.147876, 0.006283, -1
0.065, 0.000000, 3.147876, 0.006283, -1
0.066, 0.000000, 3.147876, 0.006283, -1
0.067, 0.000000, 3.147876, 0.006283, -1
0.068, 0.000000, 3.147876, 0.006283, -1
0.069, 0.000000, 3.147876, 0.006283, -1
0.070, 0.000000, 3.147876, 0.006283, -1
0.071, 0.000000, 3.147876, 0.006283, -1
0.072, 0.000000, 3.147876, 0.006283, -1
0.073, 0.000000, 3.147876, 0.006283, -1
0.074, 0.000000, 3.147876, 0.006283, -1
0.075, 0.000000, 3.147876, 0.006283, -1
0.076, 0.000000, 3.147876, 0.006283, -1
0.077, 0.000000, 3.147876, 0.006283, -1
0.078, 0.000000, 3.147876, 0.006283, -1
0.079, 0.000000, 3.147876, 0.006283, -1
0.080, 0.000000, 3.147876, 0.006283, -1
0.081, 0.000000, 3.147876, 0.006283, -1
0.082, 0.000000, 3.147876, 0.006283, -1
0.083, 0.000000, 3.147876, 0.006283, -1
0.084, 0.000000, 3.147876, 0.006283, -1
0.085, 0.000000, 3.147876, 0.006283, -1
0.086, 0.000000, 3.147876, 0.006283, -1
0.087, 0.000000, 3.147876, 0.006283, -1
0.088, 0.000000, 3.147876, 0.006283, -1
0.089, 0.000000, 3.147876, 0.006283, -1
0.090, 0.000000, 3.147876, 0.006283, -1
0.091, 0.000000, 3.147876, 0.006283, -1
0.092, 0.000000, 3.147876, 0.006283, -1
0.093, 0.000000, 3.147876, 0.006283, -1
0.094, 0.000000, 3.147876, 0.006283, -1
0.095, 0.000000, 3.147876, 0.006283, -1
0.096, 0.000000, 3.147876, 0.006283, -1
0.097, 0.000000, 3.147876, 0.006283, -1
0.098, 0.000000, 3.147876, 0.006283, -1
0.099, 0.000000, 3.147876, 0.006283, -1
0.100, 0.000000, 3.147876, 0.006283, -1
0.101, 0.000000, 3.147876, 0.006283, -1
0.102, 0.000000, 3.147876, 0.006283, -1
0.103, 0.000000, 3.147876, 0.006283, -1
0.104, 0.000000, 3.147876, 0.006283, -1
0.105, 0.000000, 3.147876, 0.006283, -1
0.106, 0.000000, 3.147876, 0.006283, -1
0.107, 0.000000, 3.147876, 0.006283, -1
0.108, 0.000000, 3.147876, 0.006283, -1
0.109, 0.000000, 3.147876, 0.006283, -1
0.110, 0.000000, 3.147876, 0.006283, -1
0.111, 0.000000, 3.147876, 0.006283, -1
0.112, 0.000000, 3.147876, 0.006283, -1
0.113, 0.000000, 3.147876, 0.006283, -1
0.114, 0.000000, 3.147876, 0.006283, -1
0.115, 0.000000, 3.147876, 0.006283, -1
0.116, 0.000000, 3.147876, 0.006283, -1
0.117, 0.000000, 3.147876, 0.006283, -1
0.118, 0.000000, 3.147876, 0.006283, -1
0.119, 0.000000, 3.147876, 0.006283, -1
0.120, 0.000000, 3.147876, 0.006283, -1
0.121, 0.000000, 3.147876, 0.006283, -1
0.122, 0.000000, 3.147876, 0.006283, -1
0.123, 0.000000, 3.147876, 0.006283, -1
0.124, 0.000000, 3.147876, 0.006283, -1
0.125, 0.000000, 3.147876, 0.006283, -1
0.126, 0.000000, 3.147876, 0.006283, -1
0.127, 0.000000, 3.147876, 0.006283, -1
0.128, 0.000000, 3.147876, 0.006283, -1
0.129, 0.000000, 3.147876, 0.006283, -1
0.130, 0.000000, 3.147876, 0.006283, -1
0.131, 0.000000, 3.147876, 0.006283, -1
0.132, 0.000000, 3.147876, 0.006283, -1
0.133, 0.000000, 3.147876, 0.006283, -1
0.134, 0.000000, 3.147876, 0.006283, -1
0.135, 0.000000, 3.147876, 0.006283, -1
0.136, 0.000000, 3.147876, 0.006283, -1
0.137, 0.000000, 3.147876, 0.006283, -1
0.138, 0.000000, 3.147876, 0.006283, -1
0.139, 0.000000, 3.147876, 0.006283, -1
0.140, 0.000000, 3.147876, 0.006283, -1
0.141, 0.000000, 3.147876, 0.006283, -1
0.142, 0.000000, 3.147876, 0.006283, -1
0.143, 0.000000, 3.147876, 0.006283, -1
0.144, 0.000000, 3.147876, 0.006283, -1
0.145, 0.000000, 3.147876, 0.006283, -1
0.146, 0.000000, 3.147876, 0.006283, -1
0.147, 0.000000, 3.147876, 0.006283, -1
0.148, 0.000000, 3.147876, 0.006283, -1
0.149, 0.000000, 3.147876, 0.006283, -1
0.150, 0.000000, 3.147876, 0.006283, -1
0.151, 0.000000, 3.147876, 0.006283, -1
0.152, 0.000000, 3.147876, 0.006283, -1
0.153, 0.000000, 3.147876, 0.006283, -1
0.154, 0.000000, 3.147876, 0.006283, -1
0.155, 0.000000, 3.147876, 0.006283, -1
0.156, 0.000000, 3.147876, 0.006283, -1
0.157, 0.000000, 3.147876, 0.006283, -1
0.158, 0.000000, 3.147876, 0.006283, -1
0.159, 0.000000, 3.147876, 0.006283, -1
0.160, 0.000000, 3.147876, 0.006283, -1
0.161, 0.000000, 3.147876, 0.006283, -1
0.162, 0.000000, 3.147876, 0.006283, -1
0.163, 0.000000, 3.147876, 0.006283, -1
0.164, 0.000000, 3.147876, 0.006283, -1
0.165, 0.000000, 3.147876, 0.006283, -1
0.166, 0.000000, 3.147876, 0.006283, -1
0.167, 0.000000, 3.147876, 0.006283, -1
0.168, 0.000000, 3.147876, 0.006283, -1
0.169, 0.000000, 3.147876, 0.006283, -1
0.170, 0.000000, 3.147876, 0.006283, -1
0.171, 0.000000, 3.147876, 0.006283, -1
0.172, 0.000000, 3.147876, 0.006283, -1
0.173, 0.000000, 3.147876, 0.006283, -1
0.174, 0.000000, 3.147876, 0.006283, -1
0.175, 0.000000, 3.147876, 0.006283, -1
0.176, 0.000000, 3.147876, 0.006283, -1
0.177, 0.000000, 3.147876, 0.006283, -1
0.178, 0.000000, 3.147876, 0.006283, -1
0.179, 0.000000, 3.147876, 0.006283, -1
0.180, 0.000000, 3.147876, 0.006283, -1
0.181, 0.000000, 3.147876, 0.006283, -1
0.182, 0.000000, 3.147876, 0.006283, -1
0.183, 0.000000, 3.147876, 0.006283, -1
0.184, 0.000000, 3.147876, 0.006283, -1
0.185, 0.000000, 3.147876, 0.006283, -1
0.186, 0.000000, 3.147876, 0.006283, -1
0.187, 0.000000, 3.147876, 0.006283, -1
0.188, 0.000000, 3.147876, 0.006283, -1
0.189, 0.000000, 3.147876, 0.006283, -1
0.190, 0.000000, 3.147876, 0.006283, -1
0.191, 0.000000, 3.147876, 0.006283, -1
0.192, 0.000000, 3.147876, 0.006283, -1
0.193, 0.000000, 3.147876, 0.006283, -1
0.194, 0.000000, 3.147876, 0.006283, -1
0.195, 0.000000, 3.147876, 0.006283, -1
0.196, 0.000000, 3.147876, 0.006283, -1
0.197, 0.000000, 3.147876, 0.006283, -1
0.198, 0.000000, 3.147876, 0.006283, -1
0.199, 0.000000, 3.147876, 0.006283, -1
0.200, 0.000000, 3.147876, 0.006283, -1
0.201, 0.000000, 3.147876, 0.006283, -1
0.202, 0.000000, 3.147876, 0.006283, -1
0.203, 0.000000, 3.147876, 0.006283, -1
0.204, 0.000000, 3.147876, 0.006283, -1
0.205, 0.000000, 3.147876, 0.006283, -1
0.206, 0.000000, 3.147876, 0.006283, -1
0.207, 0.000000, 3.147876, 0.006283, -1
0.208, 0.000000, 3.147876, 0.006283, -1
0.209, 0.000000, 3.147876, 0.006283, -1
0.210, 0.000000, 3.147876, 0.006283, -1
0.211, 0.000000, 3.147876, 0.006283, -1
0.212, 0.000000, 3.147876, 0.006283, -1
0.213, 0.000000, 3.147876, 0.006283, -1
0.214, 0.000000, 3.147876, 0.006283, -1
0.215, 0.000000, 3.147876, 0.006283, -1
0.216, 0.000000, 3.147876, 0.006283, -1
0.217, 0.000000, 3.147876, 0.006283, -1
0.218, 0.000000, 3.147876, 0.006283, -1
0.219, 0.000000, 3.147876, 0.006283, -1
0.220, 0.000000, 3.147876, 0.006283, -1
0.221, 0.000000, 3.147876, 0.006283, -1
0.222, 0.000000, 3.147876, 0.006283, -1
0.223, 0.000000, 3.147876, 0.006283, -1
0.224, 0.000000, 3.147876, 0.006283, -1
0.225, 0.000000, 3.147876, 0.006283, -1
0.226, 0.000000, 3.147876, 0.006283, -1
0.227, 0.000000, 3.147876, 0.006283, -1
0.228, 0.000000, 3.147876, 0.006283, -1
0.229, 0.000000, 3.147876, 0.006283, -1
0.230, 0.000000, 3.147876, 0.006283, -1
0.231, 0.000000, 3.147876, 0.006283, -1
0.232, 0.000000, 3.147876, 0.006283, -1
0.233, 0.000000, 3.147876, 0.006283, -1
0.234, 0.000000, 3.147876, 0.006283, -1
0.235, 0.000000, 3.147876, 0.006283, -1
0.236, 0.000000, 3.147876, 0.006283, -1
0.237, 0.000000, 3.147876, 0.006283, -1
0.238, 0.000000, 3.147876, 0.006283, -1
0.239, 0.000000, 3.147876, 0.006283, -1
0.240, 0.000000, 3.147876, 0.006283, -1
0.241, 0.000000, 3.147876, 0.006283, -1
0.242, 0.000000, 3.147876, 0.006283, -1
0.243, 0.000000, 3.147876, 0.006283, -1
0.244, 0.000000, 3.147876, 0.006283, -1
0.245, 0.000000, 3.147876, 0.006283, -1
0.246, 0.000000, 3.147876, 0.006283, -1
0.247, 0.000000, 3.147876, 0.006283, -1
0.248, 0.000000, 3.147876, 0.006283, -1
0.249, 0.000000, 3.147876, 0.006283, -1
0.250, 0.000000, 3.147876, 0.006283, -1
0.251, 0.000000, 3.147876, 0.006283, -1
0.252, 0.000000, 3.147876, 0.006283, -1
0.253, 0.000000, 3.147876, 0.006283, -1
0.254, 0.000000, 3.147876, 0.006283, -1
0.255, 0.000000, 3.147876, 0.006283, -1
0.256, 0.000000, 3.147876, 0.006283, -1
0.257, 0.000000, 3.147876, 0.006283, -1
0.258, 0.000000, 3.147876, 0.006283, -1
0.259, 0.000000, 3.147876, 0.006283, -1
0.260, 0.000000, 3.147876, 0.006283, -1
0.261, 0.000000, 3.147876, 0.006283, -1
0.262, 0.000000, 3.147876, 0.006283, -1
0.263, 0.000000, 3.147876, 0.006283, -1
0.264, 0.000000, 3.147876, 0.006283, -1
0.265, 0.000000, 3.147876, 0.006283, -1
0.266, 0.000000, 3.147876, 0.006283, -1
0.267, 0.000000, 3.147876, 0.006283, -1
0.268, 0.000000, 3.147876, 0.006283, -1
0.269, 0.000000, 3.147876, 0.006283, -1
0.270, 0.000000, 3.147876, 0.006283, -1
0.271, 0.000000, 3.147876, 0.006283, -1
0.272, 0.000000, 3.147876, 0.006283, -1
0.273, 0.000000, 3.147876, 0.006283, -1
0.274, 0.000000, 3.147876, 0.006283, -1
0.275, 0.000000, 3.147876, 0.006283, -1
0.276, 0.000000, 3.147876, 0.006283, -1
0.277, 0.000000, 3.147876, 0.006283, -1
0.278, 0.000000, 3.147876, 0.006283, -1
0.279, 0.000000, 3.147876, 0.006283, -1
0.280, 0.000000, 3.147876, 0.006283, -1
0.281, 0.000000, 3.147876, 0.006283, -1
0.282, 0.000000, 3.147876, 0.006283, -1
0.283, 0.000000, 3.147876, 0.006283, -1
0.284, 0.000000, 3.147876, 0.006283, -1
0.285, 0.000000, 3.147876, 0.006283, -1
0.286, 0.000000, 3.147876, 0.006283, -1
0.287, 0.000000, 3.147876, 0.006283, -1
0.288, 0.000000, 3.147876, 0.006283, -1
0.289, 0.000000, 3.147876, 0.006283, -1
0.290, 0.000000, 3.147876, 0.006283, -1
0.291, 0.000000, 3.147876, 0.006283, -1
0.292, 0.000000, 3.147876, 0.006283, -1
0.293, 0.000000, 3.147876, 0.006283, -1
0.294, 0.000000, 3.147876, 0.006283, -1
0.295, 0.000000, 3.147876, 0.006283, -1
0.296, 0.000000, 3.147876, 0.006283, -1
0.297, 0.000000, 3.147876, 0.006283, -1
0.298, 0.000000, 3.147876, 0.006283, -1
0.299, 0.000000, 3.147876, 0.006283, -1
0.300, 0.000000, 3.147876, 0.006283, -1
0.301, 0.000000, 3.147876, 0.006283, -1
0.302, 0.000000, 3.147876, 0.006283, -1
0.303, 0.000000, 3.147876, 0.006283, -1
0.304, 0.000000, 3.147876, 0.006283, -1
0.305, 0.000000, 3.147876, 0.006283, -1
0.306, 0.000000, 3.147876, 0.006283, -1
0.307, 0.000000, 3.147876, 0.006283, -1
0.308, 0.000000, 3.147876, 0.006283, -1
0.309, 0.000000, 3.147876, 0.006283, -1
0.310, 0.000000, 3.147876, 0.006283, -1
0.311, 0.000000, 3.147876, 0.006283, -1
0.312, 0.000000, 3.147876, 0.006283, -1
0.313, 0.000000, 3.147876, 0.006283, -1
0.314, 0.000000, 3.147876, 0.006283, -1
0.315, 0.000000, 3.147876, 0.006283, -1
0.316, 0.000000, 3.147876, 0.006283, -1
0.317, 0.000000, 3.147876, 0.006283, -1
0.318, 0.000000, 3.147876, 0.006283, -1
0.319, 0.000000, 3.147876, 0.006283, -1
0.320, 0.000000, 3.147876, 0.006283, -1
0.321, 0.000000, 3.147876, 0.006283, -1
0.322, 0.000000, 3.147876, 0.006283, -1
0.323, 0.000000, 3.147876, 0.006283, -1
0.324, 0.000000, 3.147876, 0.006283, -1
0.325, 0.000000, 3.147876, 0.006283, -1
0.326, 0.000000, 3.147876, 0.006283, -1
0.327, 0.000000, 3.147876, 0.006283, -1
0.328, 0.000000, 3.147876, 0.006283, -1
0.329, 0.000000, 3.147876, 0.006283, -1
0.330, 0.000000, 3.147876, 0.006283, -1
0.331, 0.000000, 3.147876, 0.006283, -1
0.332, 0.000000, 3.147876, 0.006283, -1
0.333, 0.000000, 3.147876, 0.006283, -1
0.334, 0.000000, 3.147876, 0.006283, -1
0.335, 0.000000, 3.147876, 0.006283, -1
0.336, 0.000000, 3.147876, 0.006283, -1
0.337, 0.000000, 3.147876, 0.006283, -1
0.338, 0.000000, 3.147876, 0.006283, -1
0.339, 0.000000, 3.147876, 0.006283, -1
0.340, 0.000000, 3.147876, 0.006283, -1
0.341, 0.000000, 3.147876, 0.006283, -1
0.342, 0.000000, 3.147876, 0.006283, -1
0.343, 0.000000, 3.147876, 0.006283, -1
0.344, 0.000000, 3.147876, 0.006283, -1
0.345, 0.000000, 3.147876, 0.006283, -1
0.346, 0.000000, 3.147876, 0.006283, -1
0.347, 0.000000, 3.147876, 0.006283, -1
0.348, 0.000000, 3.147876, 0.006283, -1
0.349, 0.000000, 3.147876, 0.006283, -1
0.350, 0.000000, 3.147876, 0.006283, -1
0.351, 0.000000, 3.147876, 0.006283, -1
0.352, 0.000000, 3.147876, 0.006283, -1
0.353, 0.000000, 3.147876, 0.006283, -1
0.354, 0.000000, 3.147876, 0.006283, -1
0.355, 0.000000, 3.147876, 0.006283, -1
0.356, 0.000000, 3.147876, 0.006283, -1
0.357, 0.000000, 3.147876, 0.006283, -1
0.358, 0.000000, 3.147876, 0.006283, -1
0.359, 0.000000, 3.147876, 0.006283, -1
0.360, 0.000000, 3.147876, 0.006283, -1
0.361, 0.000000, 3.147876, 0.006283, -1
0.362, 0.000000, 3.147876, 0.006283, -1
0.363, 0.000000, 3.147876, 0.006283, -1
0.364, 0.000000, 3.147876, 0.006283, -1
0.365, 0.000000, 3.147876, 0.006283, -1
0.366, 0.000000, 3.147876, 0.006283, -1
0.367, 0.000000, 3.147876, 0.006283, -1
0.368, 0.000000, 3.147876, 0.006283, -1
0.369, 0.000000, 3.147876, 0.006283, -1
0.370, 0.000000, 3.147876, 0.006283, -1
0.371, 0.000000, 3.147876, 0.006283, -1
0.372, 0.000000, 3.147876, 0.006283, -1
0.373, 0.000000, 3.147876, 0.006283, -1
0.374, 0.000000, 3.147876, 0.006283, -1
0.375, 0.000000, 3.147876, 0.006283, -1
0.376, 0.000000, 3.147876, 0.006283, -1
0.377, 0.000000, 3.147876, 0.006283, -1
0.378, 0.000000, 3.147876, 0.006283, -1
0.379, 0.000000, 3.147876, 0.006283, -1
0.380, 0.000000, 3.147876, 0.006283, -1
0.381, 0.000000, 3.147876, 0.006283, -1
0.382, 0.000000, 3.147876, 0.006283, -1
0.383, 0.000000, 3.147876, 0.006283, -1
0.384, 0.000000, 3.147876, 0.006283, -1
0.385, 0.000000, 3.147876, 0.006283, -1
0.386, 0.000000, 3.147876, 0.006283, -1
0.387, 0.000000, 3.147876, 0.006283, -1
0.388, 0.000000, 3.147876, 0.006283, -1
0.389, 0.000000, 3.147876, 0.006283, -1
0.390, 0.000000, 3.147876, 0.006283, -1
0.391, 0.000000, 3.147876, 0.006283, -1
0.392, 0.000000, 3.147876, 0.006283, -1
0.393, 0.000000, 3.147876, 0.006283, -1
0.394, 0.000000, 3.147876, 0.006283, -1
0.395, 0.000000, 3.147876, 0.006283, -1
0.396, 0.000000, 3.147876, 0.006283, -1
0.397, 0.000000, 3.147876, 0.006283, -1
0.398, 0.000000, 3.147876, 0.006283, -1
0.399, 0.000000, 3.147876, 0.006283, -1
0.400, 0.000000, 3.147876, 0.006283, -1
0.401, 0.000000, 3.147876, 0.006283, -1
0.402, 0.000000, 3.147876, 0.006283, -1
0.403, 0.000000, 3.147876, 0.006283, -1
0.404, 0.000000, 3.147876, 0.006283, -1
0.405, 0.000000, 3.147876, 0.006283, -1
0.406, 0.000000, 3.147876, 0.006283, -1
0.407, 0.000000, 3.147876, 0.006283, -1
0.408, 0.000000, 3.147876, 0.006283, -1
0.409, 0.000000, 3.147876, 0.006283, -1
0.410, 0.000000, 3.147876, 0.006283, -1
0.411, 0.000000, 3.147876, 0.006283, -1
0.412, 0.000000, 3.147876, 0.006283, -1
0.413, 0.000000, 3.147876, 0.006283, -1
0.414, 0.000000, 3.147876, 0.006283, -1
0.415, 0.000000, 3.147876, 0.006283, -1
0.416, 0.000000, 3.147876, 0.006283, -1
0.417, 0.000000, 3.147876, 0.006283, -1
0.418, 0.000000, 3.147876, 0.006283, -1
0.419, 0.000000, 3.147876, 0.006283, -1
0.420, 0.000000, 3.147876, 0.006283, -1
0.421, 0.000000, 3.147876, 0.006283, -1
0.422, 0.000000, 3.147876, 0.006283, -1
0.423, 0.000000, 3.147876, 0.006283, -1
0.424, 0.000000, 3.147876, 0.006283, -1
0.425, 0.000000, 3.147876, 0.006283, -1
0.426, 0.000000, 3.147876, 0.006283, -1
0.427, 0.000000, 3.147876, 0.006283, -1
0.428, 0.000000, 3.147876, 0.006283, -1
0.429, 0.000000, 3.147876, 0.006283, -1
0.430, 0.000000, 3.147876, 0.006283, -1
0.431, 0.000000, 3.147876, 0.006283, -1
0.432, 0.000000, 3.147876, 0.006283, -1
0.433, 0.000000, 3.147876, 0.006283, -1
0.434, 0.000000, 3.147876, 0.006283, -1
0.435, 0.000000, 3.147876, 0.006283, -1
0.436, 0.000000, 3.147876, 0.006283, -1
0.437, 0.000000, 3.147876, 0.006283, -1
0.438, 0.000000, 3.147876, 0.006283, -1
0.439, 0.000000, 3.147876, 0.006283, -1
0.440, 0.000000, 3.147876, 0.006283, -1
0.441, 0.000000, 3.147876, 0.006283, -1
0.442, 0.000000, 3.147876, 0.006283, -1
0.443, 0.000000, 3.147876, 0.006283, -1
0.444, 0.000000, 3.147876, 0.006283, -1
0.445, 0.000000, 3.147876, 0.006283, -1
0.446, 0.000000, 3.147876, 0.006283, -1
0.447, 0.000000, 3.147876, 0.006283, -1
0.448, 0.000000, 3.147876, 0.006283, -1
0.449, 0.000000, 3.147876, 0.006283, -1
0.450, 0.000000, 3.147876, 0.006283, -1
0.451, 0.000000, 3.147876, 0.006283, -1
0.452, 0.000000, 3.147876, 0.006283, -1
0.453, 0.000000, 3.147876, 0.006283, -1
0.454, 0.000000, 3.147876, 0.006283, -1
0.455, 0.000000, 3.147876, 0.006283, -1
0.456, 0.000000, 3.147876, 0.006283, -1
0.457, 0.000000, 3.147876, 0.006283, -1
0.458, 0.000000, 3.147876, 0.006283, -1
0.459, 0.000000, 3.147876, 0.006283, -1
0.460, 0.000000, 3.147876, 0.006283, -1
0.461, 0.000000, 3.147876, 0.006283, -1
0.462, 0.000000, 3.147876, 0.006283, -1
0.463, 0.000000, 3.147876, 0.006283, -1
0.464, 0.000000, 3.147876, 0.006283, -1
0.465, 0.000000, 3.147876, 0.006283, -1
0.466, 0.000000, 3.147876, 0.006283, -1
0.467, 0.000000, 3.147876, 0.006283, -1
0.468, 0.000000, 3.147876, 0.006283, -1
0.469, 0.000000, 3.147876, 0.006283, -1
0.470, 0.000000, 3.147876, 0.006283, -1
0.471, 0.000000, 3.147876, 0.006283, -1
0.472, 0.000000, 3.147876, 0.006283, -1
0.473, 0.000000, 3.147876, 0.006283, -1
0.474, 0.000000, 3.147876, 0.006283, -1
0.475, 0.000000, 3.147876, 0.006283, -1
0.476, 0.000000, 3.147876, 0.006283, -1
0.477, 0.000000, 3.147876, 0.006283, -1
0.478, 0.000000, 3.147876, 0.006283, -1
0.479, 0.000000, 3.147876, 0.006283, -1
0.480, 0.000000, 3.147876, 0.006283, -1
0.481, 0.000000, 3.147876, 0.006283, -1
0.482, 0.000000, 3.147876, 0.006283, -1
0.483, 0.000000, 3.147876, 0.006283, -1
0.484, 0.000000, 3.147876, 0.006283, -1
0.485, 0.000000, 3.147876, 0.006283, -1
0.486, 0.000000, 3.147876, 0.006283, -1
0.487, 0.000000, 3.147876, 0.006283, -1
0.488, 0.000000, 3.147876, 0.006283, -1
0.489, 0.000000, 3.147876, 0.006283, -1
0.490, 0.000000, 3.147876, 0.006283, -1
0.491, 0.000000, 3.147876, 0.006283, -1
0.492, 0.000000, 3.147876, 0.006283, -1
0.493, 0.000000, 3.147876, 0.006283, -1
0.494, 0.000000, 3.147876, 0.006283, -1
0.495, 0.000000, 3.147876, 0.006283, -1
0.496, 0.000000, 3.147876, 0.006283, -1
0.497, 0.000000, 3.147876, 0.006283, -1
0.498, 0.000000, 3.147876, 0.006283, -1
0.499, 0.000000, 3.147876, 0.006283, -1
0.500, 0.000000, 3.147876, 0.006283, -1
0.501, 0.000000, 3.147876, 0.069115, 6.220353
0.502, 0.000000, 3.147876, 0.094248, 6.195221
0.503, 0.000000, 3.147876, 0.113097, 6.176371
0.504, 0.000000, 3.147876, 0.131947, 6.157522
0.505, 0.000000, 3.147876, 0.144513, 6.144955
0.506, 0.000000, 3.147876, 0.157080, 6.132389
0.507, 0.000000, 3.147876, 0.169646, 6.119822
0.508, 0.000000, 3.147876, 0.182212, 6.107256
0.509, 0.000000, 3.147876, 0.188496, 6.100973
0.510, 0.000000, 3.147876, 0.201062, 6.088407
0.511, 0.000000, 3.147876, 0.213628, 6.075840
0.512, 0.000000, 3.147876, 0.219911, 6.069557
0.513, 0.000000, 3.147876, 0.226195, 6.063274
0.514, 0.000000, 3.147876, 0.238761, 6.050707
0.515, 0.000000, 3.147876, 0.245044, 6.044424
0.516, 0.000000, 3.147876, 0.251327, 6.038141
0.517, 0.000000, 3.147876, 0.257611, 6.031858
0.518, 0.000000, 3.147876, 0.270177, 6.019292
0.519, 0.000000, 3.147876, 0.276460, 6.013008
0.520, 0.000000, 3.147876, 0.282743, 6.006725
0.521, 0.000000, 3.147876, 0.289027, 6.000442
0.522, 0.000000, 3.147876, 0.295310, 5.994159
0.523, 0.000000, 3.147876, 0.301593, 5.987876
0.524, 0.000000, 3.147876, 0.307876, 5.981592
0.525, 0.000000, 3.147876, 0.314159, 5.975309
0.526, 0.000000, 3.147876, 0.320442, 5.969026
0.527, 0.000000, 3.147876, 0.326726, 5.962743
0.528, 0.000000, 3.147876, 0.333009, 5.956460
0.529, 0.000000, 3.147876, 0.333009, 5.956460
0.530, 0.000000, 3.147876, 0.339292, 5.950176
0.531, 0.000000, 3.147876, 0.345575, 5.943893
0.532, 0.000000, 3.147876, 0.351858, 5.937610
0.533, 0.000000, 3.147876, 0.358142, 5.931327
0.534, 0.000000, 3.147876, 0.364425, 5.925044
0.535, 0.000000, 3.147876, 0.364425, 5.925044
0.536, 0.000000, 3.147876, 0.370708, 5.918761
0.537, 0.000000, 3.147876, 0.376991, 5.912477
0.538, 0.000000, 3.147876, 0.383274, 5.906194
0.539, 0.000000, 3.147876, 0.383274, 5.906194
0.540, 0.000000, 3.147876, 0.389557, 5.899911
0.541, 0.000000, 3.147876, 0.395841, 5.893628
0.542, 0.000000, 3.147876, 0.402124, 5.887345
0.543, 0.000000, 3.147876, 0.402124, 5.887345
0.544, 0.000000, 3.147876, 0.408407, 5.881061
0.545, 0.000000, 3.147876, 0.414690, 5.874778
0.546, 0.000000, 3.147876, 0.414690, 5.874778
0.547, 0.000000, 3.147876, 0.420973, 5.868495
0.548, 0.000000, 3.147876, 0.427257, 5.862212
0.549, 0.000000, 3.147876, 0.427257, 5.862212
0.550, 0.000000, 3.147876, 0.433540, 5.855929
0.551, 0.000000, 3.147876, 0.439823, 5.849646
0.552, 0.000000, 3.147876, 0.439823, 5.849646
0.553, 0.000000, 3.147876, 0.446106, 5.843362
0.554, 0.000000, 3.147876, 0.446106, 5.843362
0.555, 0.000000, 3.147876, 0.452389, 5.837079
0.556, 0.000000, 3.147876, 0.458673, 5.830796
0.557, 0.000000, 3.147876, 0.458673, 5.830796
0.558, 0.000000, 3.147876, 0.464956, 5.824513
0.559, 0.000000, 3.147876, 0.464956, 5.824513
0.560, 0.000000, 3.147876, 0.471239, 5.818230
0.561, 0.000000, 3.147876, 0.471239, 5.818230
0.562, 0.000000, 3.147876, 0.477522, 5.811946
0.563, 0.000000, 3.147876, 0.483805, 5.805663
0.564, 0.000000, 3.147876, 0.483805, 5.805663
0.565, 0.000000, 3.147876, 0.490088, 5.799380
0.566, 0.000000, 3.147876, 0.490088, 5.799380
0.567, 0.000000, 3.147876, 0.496372, 5.793097
0.568, 0.000000, 3.147876, 0.496372, 5.793097
0.569, 0.000000, 3.147876, 0.502655, 5.786814
0.570, 0.000000, 3.147876, 0.502655, 5.786814
0.571, 0.000000, 3.147876, 0.508938, 5.780530
0.572, 0.000000, 3.147876, 0.508938, 5.780530
0.573, 0.000000, 3.147876, 0.515221, 5.774247
0.574, 0.000000, 3.147876, 0.515221, 5.774247
0.575, 0.000000, 3.147876, 0.521504, 5.767964
0.576, 0.000000, 3.147876, 0.521504, 5.767964
0.577, 0.000000, 3.147876, 0.527788, 5.761681
0.578, 0.000000, 3.147876, 0.527788, 5.761681
0.579, 0.000000, 3.147876, 0.534071, 5.755398
0.580, 0.000000, 3.147876, 0.534071, 5.755398
0.581, 0.000000, 3.147876, 0.540354, 5.749115
0.582, 0.000000, 3.147876, 0.540354, 5.749115
0.583, 0.000000, 3.147876, 0.540354, 5.749115
0.584, 0.000000, 3.147876, 0.546637, 5.742831
0.585, 0.000000, 3.147876, 0.546637, 5.742831
0.586, 0.000000, 3.147876, 0.552920, 5.736548
0.587, 0.000000, 3.147876, 0.552920, 5.736548
0.588, 0.000000, 3.147876, 0.559203, 5.730265
0.589, 0.000000, 3.147876, 0.559203, 5.730265
0.590, 0.000000, 3.147876, 0.565487, 5.723982
0.591, 0.000000, 3.147876, 0.565487, 5.723982
0.592, 0.000000, 3.147876, 0.565487, 5.723982
0.593, 0.000000, 3.147876, 0.571770, 5.717699
0.594, 0.000000, 3.147876, 0.571770, 5.717699
0.595, 0.000000, 3.147876, 0.578053, 5.711415
0.596, 0.000000, 3.147876, 0.578053, 5.711415
0.597, 0.000000, 3.147876, 0.584336, 5.705132
0.598, 0.000000, 3.147876, 0.584336, 5.705132
0.599, 0.000000, 3.147876, 0.584336, 5.705132
0.600, 0.000000, 3.147876, 0.590619, 5.698849
0.601, 0.000000, 3.147876, 0.590619, 5.698849
0.602, 0.000000, 3.147876, 0.596903, 5.692566
0.603, 0.000000, 3.147876, 0.596903, 5.692566
0.604, 0.000000, 3.147876, 0.596903, 5.692566
0.605, 0.000000, 3.147876, 0.603186, 5.686283
0.606, 0.000000, 3.147876, 0.603186, 5.686283
0.607, 0.000000, 3.147876, 0.603186, 5.686283
0.608, 0.000000, 3.147876, 0.609469, 5.680000
0.609, 0.000000, 3.147876, 0.609469, 5.680000
0.610, 0.000000, 3.147876, 0.615752, 5.673716
0.611, 0.000000, 3.147876, 0.615752, 5.673716
0.612, 0.000000, 3.147876, 0.615752, 5.673716
0.613, 0.000000, 3.147876, 0.622035, 5.667433
0.614, 0.000000, 3.147876, 0.622035, 5.667433
0.615, 0.000000, 3.147876, 0.622035, 5.667433
0.616, 0.000000, 3.147876, 0.628319, 5.661150
0.617, 0.000000, 3.147876, 0.628319, 5.661150
0.618, 0.000000, 3.147876, 0.628319, 5.661150
0.619, 0.000000, 3.147876, 0.634602, 5.654867
0.620, 0.000000, 3.147876, 0.634602, 5.654867
0.621, 0.000000, 3.147876, 0.640885, 5.648584
0.622, 0.000000, 3.147876, 0.640885, 5.648584
0.623, 0.000000, 3.147876, 0.640885, 5.648584
0.624, 0.000000, 3.147876, 0.647168, 5.642300
0.625, 0.000000, 3.147876, 0.647168, 5.642300
0.626, 0.000000, 3.147876, 0.647168, 5.642300
0.627, 0.000000, 3.147876, 0.653451, 5.636017
0.628, 0.000000, 3.147876, 0.653451, 5.636017
0.629, 0.000000, 3.147876, 0.653451, 5.636017
0.630, 0.000000, 3.147876, 0.659734, 5.629734
0.631, 0.000000, 3.147876, 0.659734, 5.629734
0.632, 0.000000, 3.147876, 0.659734, 5.629734
0.633, 0.000000, 3.147876, 0.666018, 5.623451
0.634, 0.000000, 3.147876, 0.666018, 5.623451
0.635, 0.000000, 3.147876, 0.666018, 5.623451
0.636, 0.000000, 3.147876, 0.672301, 5.617168
0.637, 0.000000, 3.147876, 0.672301, 5.617168
0.638, 0.000000, 3.147876, 0.672301, 5.617168
0.639, 0.000000, 3.147876, 0.672301, 5.617168
0.640, 0.000000, 3.147876, 0.678584, 5.610884
0.641, 0.000000, 3.147876, 0.678584, 5.610884
0.642, 0.000000, 3.147876, 0.678584, 5.610884
0.643, 0.000000, 3.147876, 0.684867, 5.604601
0.644, 0.000000, 3.147876, 0.684867, 5.604601
0.645, 0.000000, 3.147876, 0.684867, 5.604601
0.646, 0.000000, 3.147876, 0.691150, 5.598318
0.647, 0.000000, 3.147876, 0.691150, 5.598318
0.648, 0.000000, 3.147876, 0.691150, 5.598318
0.649, 0.000000, 3.147876, 0.697434, 5.592035
0.650, 0.000000, 3.147876, 0.697434, 5.592035
0.651, 0.000000, 3.147876, 0.697434, 5.592035
0.652, 0.000000, 3.147876, 0.697434, 5.592035
0.653, 0.000000, 3.147876, 0.703717, 5.585752
0.654, 0.000000, 3.147876, 0.703717, 5.585752
0.655, 0.000000, 3.147876, 0.703717, 5.585752
0.656, 0.000000, 3.147876, 0.710000, 5.579469
0.657, 0.000000, 3.147876, 0.710000, 5.579469
0.658, 0.000000, 3.147876, 0.710000, 5.579469
0.659, 0.000000, 3.147876, 0.710000, 5.579469
0.660, 0.000000, 3.147876, 0.716283, 5.573185
0.661, 0.000000, 3.147876, 0.716283, 5.573185
0.662, 0.000000, 3.147876, 0.716283, 5.573185
0.663, 0.000000, 3.147876, 0.722566, 5.566902
0.664, 0.000000, 3.147876, 0.722566, 5.566902
0.665, 0.000000, 3.147876, 0.722566, 5.566902
0.666, 0.000000, 3.147876, 0.722566, 5.566902
0.667, 0.000000, 3.147876, 0.728849, 5.560619
0.668, 0.000000, 3.147876, 0.728849, 5.560619
0.669, 0.000000, 3.147876, 0.728849, 5.560619
0.670, 0.000000, 3.147876, 0.728849, 5.560619
0.671, 0.000000, 3.147876, 0.735133, 5.554336
0.672, 0.000000, 3.147876, 0.735133, 5.554336
0.673, 0.000000, 3.147876, 0.735133, 5.554336
0.674, 0.000000, 3.147876, 0.735133, 5.554336
0.675, 0.000000, 3.147876, 0.741416, 5.548053
0.676, 0.000000, 3.147876, 0.741416, 5.548053
0.677, 0.000000, 3.147876, 0.741416, 5.548053
0.678, 0.000000, 3.147876, 0.747699, 5.541769
0.679, 0.000000, 3.147876, 0.747699, 5.541769
0.680, 0.000000, 3.147876, 0.747699, 5.541769
0.681, 0.000000, 3.147876, 0.747699, 5.541769
0.682, 0.000000, 3.147876, 0.753982, 5.535486
0.683, 0.000000, 3.147876, 0.753982, 5.535486
0.684, 0.000000, 3.147876, 0.753982, 5.535486
0.685, 0.000000, 3.147876, 0.753982, 5.535486
0.686, 0.000000, 3.147876, 0.760265, 5.529203
0.687, 0.000000, 3.147876, 0.760265, 5.529203
0.688, 0.000000, 3.147876, 0.760265, 5.529203
0.689, 0.000000, 3.147876, 0.760265, 5.529203
0.690, 0.000000, 3.147876, 0.766549, 5.522920
0.691, 0.000000, 3.147876, 0.766549, 5.522920
0.692, 0.000000, 3.147876, 0.766549, 5.522920
0.693, 0.000000, 3.147876, 0.766549, 5.522920
0.694, 0.000000, 3.147876, 0.766549, 5.522920
0.695, 0.000000, 3.147876, 0.772832, 5.516637
0.696, 0.000000, 3.147876, 0.772832, 5.516637
0.697, 0.000000, 3.147876, 0.772832, 5.516637
0.698, 0.000000, 3.147876, 0.772832, 5.516637
0.699, 0.000000, 3.147876, 0.779115, 5.510354
0.700, 0.000000, 3.147876, 0.779115, 5.510354
0.701, 0.000000, 3.147876, 0.779115, 5.510354
0.702, 0.000000, 3.147876, 0.779115, 5.510354
0.703, 0.000000, 3.147876, 0.785398, 5.504070
0.704, 0.000000, 3.147876, 0.785398, 5.504070
0.705, 0.000000, 3.147876, 0.785398, 5.504070
0.706, 0.000000, 3.147876, 0.785398, 5.504070
0.707, 0.000000, 3.147876, 0.785398, 5.504070
0.708, 0.000000, 3.147876, 0.791681, 5.497787
0.709, 0.000000, 3.147876, 0.791681, 5.497787
0.710, 0.000000, 3.147876, 0.791681, 5.497787
0.711, 0.000000, 3.147876, 0.791681, 5.497787
0.712, 0.000000, 3.147876, 0.797965, 5.491504
0.713, 0.000000, 3.147876, 0.797965, 5.491504
0.714, 0.000000, 3.147876, 0.797965, 5.491504
0.715, 0.000000, 3.147876, 0.797965, 5.491504
0.716, 0.000000, 3.147876, 0.797965, 5.491504
0.717, 0.000000, 3.147876, 0.804248, 5.485221
0.718, 0.000000, 3.147876, 0.804248, 5.485221
0.719, 0.000000, 3.147876, 0.804248, 5.485221
0.720, 0.000000, 3.147876, 0.804248, 5.485221
0.721, 0.000000, 3.147876, 0.810531, 5.478938
0.722, 0.000000, 3.147876, 0.810531, 5.478938
0.723, 0.000000, 3.147876, 0.810531, 5.478938
0.724, 0.000000, 3.147876, 0.810531, 5.478938
0.725, 0.000000, 3.147876, 0.810531, 5.478938
0.726, 0.000000, 3.147876, 0.816814, 5.472654
0.727, 0.000000, 3.147876, 0.816814, 5.472654
0.728, 0.000000, 3.147876, 0.816814, 5.472654
0.729, 0.000000, 3.147876, 0.816814, 5.472654
0.730, 0.000000, 3.147876, 0.816814, 5.472654
0.731, 0.000000, 3.147876, 0.823097, 5.466371
0.732, 0.000000, 3.147876, 0.823097, 5.466371
0.733, 0.000000, 3.147876, 0.823097, 5.466371
0.734, 0.000000, 3.147876, 0.823097, 5.466371
0.735, 0.000000, 3.147876, 0.823097, 5.466371
0.736, 0.000000, 3.147876, 0.829380, 5.460088
0.737, 0.000000, 3.147876, 0.829380, 5.460088
0.738, 0.000000, 3.147876, 0.829380, 5.460088
0.739, 0.000000, 3.147876, 0.829380, 5.460088
0.740, 0.000000, 3.147876, 0.829380, 5.460088
0.741, 0.000000, 3.147876, 0.835664, 5.453805
0.742, 0.000000, 3.147876, 0.835664, 5.453805
0.743, 0.000000, 3.147876, 0.835664, 5.453805
0.744, 0.000000, 3.147876, 0.835664, 5.453805
0.745, 0.000000, 3.147876, 0.835664, 5.453805
0.746, 0.000000, 3.147876, 0.841947, 5.447522
0.747, 0.000000, 3.147876, 0.841947, 5.447522
0.748, 0.000000, 3.147876, 0.841947, 5.447522
0.749, 0.000000, 3.147876, 0.841947, 5.447522
0.750, 0.000000, 3.147876, 0.841947, 5.447522
0.751, 0.000000, 3.147876, 0.848230, 5.441238
0.752, 0.000000, 3.147876, 0.848230, 5.441238
0.753, 0.000000, 3.147876, 0.848230, 5.441238
0.754, 0.000000, 3.147876, 0.848230, 5.441238
0.755, 0.000000, 3.147876, 0.848230, 5.441238
0.756, 0.000000, 3.147876, 0.848230, 5.441238
0.757, 0.000000, 3.147876, 0.854513, 5.434955
0.758, 0.000000, 3.147876, 0.854513, 5.434955
0.759, 0.000000, 3.147876, 0.854513, 5.434955
0.760, 0.000000, 3.147876, 0.854513, 5.434955
0.761, 0.000000, 3.147876, 0.854513, 5.434955
0.762, 0.000000, 3.147876, 0.860796, 5.428672
0.763, 0.000000, 3.147876, 0.860796, 5.428672
0.764, 0.000000, 3.147876, 0.860796, 5.428672
0.765, 0.000000, 3.147876, 0.860796, 5.428672
0.766, 0.000000, 3.147876, 0.860796, 5.428672
0.767, 0.000000, 3.147876, 0.860796, 5.428672
0.768, 0.000000, 3.147876, 0.867080, 5.422389
0.769, 0.000000, 3.147876, 0.867080, 5.422389
0.770, 0.000000, 3.147876, 0.867080, 5.422389
0.771, 0.000000, 3.147876, 0.867080, 5.422389
0.772, 0.000000, 3.147876, 0.867080, 5.422389
0.773, 0.000000, 3.147876, 0.873363, 5.416106
0.774, 0.000000, 3.147876, 0.873363, 5.416106
0.775, 0.000000, 3.147876, 0.873363, 5.416106
0.776, 0.000000, 3.147876, 0.873363, 5.416106
0.777, 0.000000, 3.147876, 0.873363, 5.416106
0.778, 0.000000, 3.147876, 0.873363, 5.416106
0.779, 0.000000, 3.147876, 0.879646, 5.409823
0.780, 0.000000, 3.147876, 0.879646, 5.409823
0.781, 0.000000, 3.147876, 0.879646, 5.409823
0.782, 0.000000, 3.147876, 0.879646, 5.409823
0.783, 0.000000, 3.147876, 0.879646, 5.409823
0.784, 0.000000, 3.147876, 0.879646, 5.409823
0.785, 0.000000, 3.147876, 0.885929, 5.403539
0.786, 0.000000, 3.147876, 0.885929, 5.403539
0.787, 0.000000, 3.147876, 0.885929, 5.403539
0.788, 0.000000, 3.147876, 0.885929, 5.403539
0.789, 0.000000, 3.147876, 0.885929, 5.403539
0.790, 0.000000, 3.147876, 0.885929, 5.403539
0.791, 0.000000, 3.147876, 0.892212, 5.397256
0.792, 0.000000, 3.147876, 0.892212, 5.397256
0.793, 0.000000, 3.147876, 0.892212, 5.397256
0.794, 0.000000, 3.147876, 0.892212, 5.397256
0.795, 0.000000, 3.147876, 0.892212, 5.397256
0.796, 0.000000, 3.147876, 0.892212, 5.397256
0.797, 0.000000, 3.147876, 0.898495, 5.390973
0.798, 0.000000, 3.147876, 0.898495, 5.390973
0.799, 0.000000, 3.147876, 0.898495, 5.390973
0.800, 0.000000, 3.147876, 0.898495, 5.390973
0.801, 0.000000, 3.147876, 0.898495, 5.390973
0.802, 0.000000, 3.147876, 0.898495, 5.390973
0.803, 0.000000, 3.147876, 0.904779, 5.384690
0.804, 0.000000, 3.147876, 0.904779, 5.384690
0.805, 0.000000, 3.147876, 0.904779, 5.384690
0.806, 0.000000, 3.147876, 0.904779, 5.384690
0.807, 0.000000, 3.147876, 0.904779, 5.384690
0.808, 0.000000, 3.147876, 0.904779, 5.384690
0.809, 0.000000, 3.147876, 0.904779, 5.384690
0.810, 0.000000, 3.147876, 0.911062, 5.378407
0.811, 0.000000, 3.147876, 0.911062, 5.378407
0.812, 0.000000, 3.147876, 0.911062, 5.378407
0.813, 0.000000, 3.147876, 0.911062, 5.378407
0.814, 0.000000, 3.147876, 0.911062, 5.378407
0.815, 0.000000, 3.147876, 0.911062, 5.378407
0.816, 0.000000, 3.147876, 0.917345, 5.372123
0.817, 0.000000, 3.147876, 0.917345, 5.372123
0.818, 0.000000, 3.147876, 0.917345, 5.372123
0.819, 0.000000, 3.147876, 0.917345, 5.372123
0.820, 0.000000, 3.147876, 0.917345, 5.372123
0.821, 0.000000, 3.147876, 0.917345, 5.372123
0.822, 0.000000, 3.147876, 0.917345, 5.372123
0.823, 0.000000, 3.147876, 0.923628, 5.365840
0.824, 0.000000, 3.147876, 0.923628, 5.365840
0.825, 0.000000, 3.147876, 0.923628, 5.365840
0.826, 0.000000, 3.147876, 0.923628, 5.365840
0.827, 0.000000, 3.147876, 0.923628, 5.365840
0.828, 0.000000, 3.147876, 0.923628, 5.365840
0.829, 0.000000, 3.147876, 0.923628, 5.365840
0.830, 0.000000, 3.147876, 0.929911, 5.359557
0.831, 0.000000, 3.147876, 0.929911, 5.359557
0.832, 0.000000, 3.147876, 0.929911, 5.359557
0.833, 0.000000, 3.147876, 0.929911, 5.359557
0.834, 0.000000, 3.147876, 0.929911, 5.359557
0.835, 0.000000, 3.147876, 0.929911, 5.359557
0.836, 0.000000, 3.147876, 0.929911, 5.359557
0.837, 0.000000, 3.147876, 0.936195, 5.353274
0.838, 0.000000, 3.147876, 0.936195, 5.353274
0.839, 0.000000, 3.147876, 0.936195, 5.353274
0.840, 0.000000, 3.147876, 0.936195, 5.353274
0.841, 0.000000, 3.147876, 0.936195, 5.353274
0.842, 0.000000, 3.147876, 0.936195, 5.353274
0.843, 0.000000, 3.147876, 0.936195, 5.353274
0.844, 0.000000, 3.147876, 0.942478, 5.346991
0.845, 0.000000, 3.147876, 0.942478, 5.346991
0.846, 0.000000, 3.147876, 0.942478, 5.346991
0.847, 0.000000, 3.147876, 0.942478, 5.346991
0.848, 0.000000, 3.147876, 0.942478, 5.346991
0.849, 0.000000, 3.147876, 0.942478, 5.346991
0.850, 0.000000, 3.147876, 0.942478, 5.346991
0.851, 0.000000, 3.147876, 0.948761, 5.340708
0.852, 0.000000, 3.147876, 0.948761, 5.340708
0.853, 0.000000, 3.147876, 0.948761, 5.340708
0.854, 0.000000, 3.147876, 0.948761, 5.340708
0.855, 0.000000, 3.147876, 0.948761, 5.340708
0.856, 0.000000, 3.147876, 0.948761, 5.340708
0.857, 0.000000, 3.147876, 0.948761, 5.340708
0.858, 0.000000, 3.147876, 0.948761, 5.340708
0.859, 0.000000, 3.147876, 0.955044, 5.334424
0.860, 0.000000, 3.147876, 0.955044, 5.334424
0.861, 0.000000, 3.147876, 0.955044, 5.334424
0.862, 0.000000, 3.147876, 0.955044, 5.334424
0.863, 0.000000, 3.147876, 0.955044, 5.334424
0.864, 0.000000, 3.147876, 0.955044, 5.334424
0.865, 0.000000, 3.147876, 0.955044, 5.334424
0.866, 0.000000, 3.147876, 0.961327, 5.328141
0.867, 0.000000, 3.147876, 0.961327, 5.328141
0.868, 0.000000, 3.147876, 0.961327, 5.328141
0.869, 0.000000, 3.147876, 0.961327, 5.328141
0.870, 0.000000, 3.147876, 0.961327, 5.328141
0.871, 0.000000, 3.147876, 0.961327, 5.328141
0.872, 0.000000, 3.147876, 0.961327, 5.328141
0.873, 0.000000, 3.147876, 0.961327, 5.328141
0.874, 0.000000, 3.147876, 0.967611, 5.321858
0.875, 0.000000, 3.147876, 0.967611, 5.321858
0.876, 0.000000, 3.147876, 0.967611, 5.321858
0.877, 0.000000, 3.147876, 0.967611, 5.321858
0.878, 0.000000, 3.147876, 0.967611, 5.321858
0.879, 0.000000, 3.147876, 0.967611, 5.321858
0.880, 0.000000, 3.147876, 0.967611, 5.321858
0.881, 0.000000, 3.147876, 0.967611, 5.321858
0.882, 0.000000, 3.147876, 0.973894, 5.315575
0.883, 0.000000, 3.147876, 0.973894, 5.315575
0.884, 0.000000, 3.147876, 0.973894, 5.315575
0.885, 0.000000, 3.147876, 0.973894, 5.315575
0.886, 0.000000, 3.147876, 0.973894, 5.315575
0.887, 0.000000, 3.147876, 0.973894, 5.315575
0.888, 0.000000, 3.147876, 0.973894, 5.315575
0.889, 0.000000, 3.147876, 0.973894, 5.315575
0.890, 0.000000, 3.147876, 0.980177, 5.309292
0.891, 0.000000, 3.147876, 0.980177, 5.309292
0.892, 0.000000, 3.147876, 0.980177, 5.309292
0.893, 0.000000, 3.147876, 0.980177, 5.309292
0.894, 0.000000, 3.147876, 0.980177, 5.309292
0.895, 0.000000, 3.147876, 0.980177, 5.309292
0.896, 0.000000, 3.147876, 0.980177, 5.309292
0.897, 0.000000, 3.147876, 0.980177, 5.309292
0.898, 0.000000, 3.147876, 0.986460, 5.303008
0.899, 0.000000, 3.147876, 0.986460, 5.303008
0.900, 0.000000, 3.147876, 0.986460, 5.303008
0.901, 0.000000, 3.147876, 0.986460, 5.303008
0.902, 0.000000, 3.147876, 0.986460, 5.303008
0.903, 0.000000, 3.147876, 0.986460, 5.303008
0.904, 0.000000, 3.147876, 0.986460, 5.303008
0.905, 0.000000, 3.147876, 0.986460, 5.303008
0.906, 0.000000, 3.147876, 0.986460, 5.303008
0.907, 0.000000, 3.147876, 0.992743, 5.296725
0.908, 0.000000, 3.147876, 0.992743, 5.296725
0.909, 0.000000, 3.147876, 0.992743, 5.296725
0.910, 0.000000, 3.147876, 0.992743, 5.296725
0.911, 0.000000, 3.147876, 0.992743, 5.296725
0.912, 0.000000, 3.147876, 0.992743, 5.296725
0.913, 0.000000, 3.147876, 0.992743, 5.296725
0.914, 0.000000, 3.147876, 0.992743, 5.296725
0.915, 0.000000, 3.147876, 0.992743, 5.296725
0.916, 0.000000, 3.147876, 0.999026, 5.290442
0.917, 0.000000, 3.147876, 0.999026, 5.290442
0.918, 0.000000, 3.147876, 0.999026, 5.290442
0.919, 0.000000, 3.147876, 0.999026, 5.290442
0.920, 0.000000, 3.147876, 0.999026, 5.290442
0.921, 0.000000, 3.147876, 0.999026, 5.290442
0.922, 0.000000, 3.147876, 0.999026, 5.290442
0.923, 0.000000, 3.147876, 0.999026, 5.290442
0.924, 0.000000, 3.147876, 0.999026, 5.290442
0.925, 0.000000, 3.147876, 1.005310, 5.284159
0.926, 0.000000, 3.147876, 1.005310, 5.284159
0.927, 0.000000, 3.147876, 1.005310, 5.284159
0.928, 0.000000, 3.147876, 1.005310, 5.284159
0.929, 0.000000, 3.147876, 1.005310, 5.284159
0.930, 0.000000, 3.147876, 1.005310, 5.284159
0.931, 0.000000, 3.147876, 1.005310, 5.284159
0.932, 0.000000, 3.147876, 1.005310, 5.284159
0.933, 0.000000, 3.147876, 1.005310, 5.284159
0.934, 0.000000, 3.147876, 1.011593, 5.277876
0.935, 0.000000, 3.147876, 1.011593, 5.277876
0.936, 0.000000, 3.147876, 1.011593, 5.277876
0.937, 0.000000, 3.147876, 1.011593, 5.277876
0.938, 0.000000, 3.147876, 1.011593, 5.277876
0.939, 0.000000, 3.147876, 1.011593, 5.277876
0.940, 0.000000, 3.147876, 1.011593, 5.277876
0.941, 0.000000, 3.147876, 1.011593, 5.277876
0.942, 0.000000, 3.147876, 1.011593, 5.277876
0.943, 0.000000, 3.147876, 1.017876, 5.271592
0.944, 0.000000, 3.147876, 1.017876, 5.271592
0.945, 0.000000, 3.147876, 1.017876, 5.271592
0.946, 0.000000, 3.147876, 1.017876, 5.271592
0.947, 0.000000, 3.147876, 1.017876, 5.271592
0.948, 0.000000, 3.147876, 1.017876, 5.271592
0.949, 0.000000, 3.147876, 1.017876, 5.271592
0.950, 0.000000, 3.147876, 1.017876, 5.271592
0.951, 0.000000, 3.147876, 1.017876, 5.271592
0.952, 0.000000, 3.147876, 1.017876, 5.271592
0.953, 0.000000, 3.147876, 1.024159, 5.265309
0.954, 0.000000, 3.147876, 1.024159, 5.265309
0.955, 0.000000, 3.147876, 1.024159, 5.265309
0.956, 0.000000, 3.147876, 1.024159, 5.265309
0.957, 0.000000, 3.147876, 1.024159, 5.265309
0.958, 0.000000, 3.147876, 1.024159, 5.265309
0.959, 0.000000, 3.147876, 1.024159, 5.265309
0.960, 0.000000, 3.147876, 1.024159, 5.265309
0.961, 0.000000, 3.147876, 1.024159, 5.265309
0.962, 0.000000, 3.147876, 1.030442, 5.259026
0.963, 0.000000, 3.147876, 1.030442, 5.259026
0.964, 0.000000, 3.147876, 1.030442, 5.259026
0.965, 0.000000, 3.147876, 1.030442, 5.259026
0.966, 0.000000, 3.147876, 1.030442, 5.259026
0.967, 0.000000, 3.147876, 1.030442, 5.259026
0.968, 0.000000, 3.147876, 1.030442, 5.259026
0.969, 0.000000, 3.147876, 1.030442, 5.259026
0.970, 0.000000, 3.147876, 1.030442, 5.259026
0.971, 0.000000, 3.147876, 1.030442, 5.259026
0.972, 0.000000, 3.147876, 1.036726, 5.252743
0.973, 0.000000, 3.147876, 1.036726, 5.252743
0.974, 0.000000, 3.147876, 1.036726, 5.252743
0.975, 0.000000, 3.147876, 1.036726, 5.252743
0.976, 0.000000, 3.147876, 1.036726, 5.252743
0.977, 0.000000, 3.147876, 1.036726, 5.252743
0.978, 0.000000, 3.147876, 1.036726, 5.252743
0.979, 0.000000, 3.147876, 1.036726, 5.252743
0.980, 0.000000, 3.147876, 1.036726, 5.252743
0.981, 0.000000, 3.147876, 1.036726, 5.252743
0.982, 0.000000, 3.147876, 1.036726, 5.252743
0.983, 0.000000, 3.147876, 1.043009, 5.246460
0.984, 0.000000, 3.147876, 1.043009, 5.246460
0.985, 0.000000, 3.147876, 1.043009, 5.246460
0.986, 0.000000, 3.147876, 1.043009, 5.246460
0.987, 0.000000, 3.147876, 1.043009, 5.246460
0.988, 0.000000, 3.147876, 1.043009, 5.246460
0.989, 0.000000, 3.147876, 1.043009, 5.246460
0.990, 0.000000, 3.147876, 1.043009, 5.246460
0.991, 0.000000, 3.147876, 1.043009, 5.246460
0.992, 0.000000, 3.147876, 1.043009, 5.246460
0.993, 0.000000, 3.147876, 1.049292, 5.240177
0.994, 0.000000, 3.147876, 1.049292, 5.240177
0.995, 0.000000, 3.147876, 1.049292, 5.240177
0.996, 0.000000, 3.147876, 1.049292, 5.240177
0.997, 0.000000, 3.147876, 1.049292, 5.240177
0.998, 0.000000, 3.147876, 1.049292, 5.240177
0.999, 0.000000, 3.147876, 1.049292, 5.240177
1.000, 0.000000, 3.147876, 1.049292, 5.240177
1.001, 0.000000, 3.147876, 1.049292, 5.240177
1.002, 0.000000, 3.147876, 1.049292, 5.240177
1.003, 0.000000, 3.147876, 1.049292, 5.240177
1.004, 0.000000, 3.147876, 1.055575, 5.233893
1.005, 0.000000, 3.147876, 1.055575, 5.233893
1.006, 0.000000, 3.147876, 1.055575, 5.233893
1.007, 0.000000, 3.147876, 1.055575, 5.233893
1.008, 0.000000, 3.147876, 1.055575, 5.233893
1.009, 0.000000, 3.147876, 1.055575, 5.233893
1.010, 0.000000, 3.147876, 1.055575, 5.233893
1.011, 0.000000, 3.147876, 1.055575, 5.233893
1.012, 0.000000, 3.147876, 1.055575, 5.233893
1.013, 0.000000, 3.147876, 1.055575, 5.233893
1.014, 0.000000, 3.147876, 1.055575, 5.233893
1.015, 0.000000, 3.147876, 1.061858, 5.227610
1.016, 0.000000, 3.147876, 1.061858, 5.227610
1.017, 0.000000, 3.147876, 1.061858, 5.227610
1.018, 0.000000, 3.147876, 1.061858, 5.227610
1.019, 0.000000, 3.147876, 1.061858, 5.227610
1.020, 0.000000, 3.147876, 1.061858, 5.227610
1.021, 0.000000, 3.147876, 1.061858, 5.227610
1.022, 0.000000, 3.147876, 1.061858, 5.227610
1.023, 0.000000, 3.147876, 1.061858, 5.227610
1.024, 0.000000, 3.147876, 1.061858, 5.227610
1.025, 0.000000, 3.147876, 1.061858, 5.227610
1.026, 0.000000, 3.147876, 1.061858, 5.227610
1.027, 0.000000, 3.147876, 1.068142, 5.221327
1.028, 0.000000, 3.147876, 1.068142, 5.221327
1.029, 0.000000, 3.147876, 1.068142, 5.221327
1.030, 0.000000, 3.147876, 1.068142, 5.221327
1.031, 0.000000, 3.147876, 1.068142, 5.221327
1.032, 0.000000, 3.147876, 1.068142, 5.221327
1.033, 0.000000, 3.147876, 1.068142, 5.221327
1.034, 0.000000, 3.147876, 1.068142, 5.221327
1.035, 0.000000, 3.147876, 1.068142, 5.221327
1.036, 0.000000, 3.147876, 1.068142, 5.221327
1.037, 0.000000, 3.147876, 1.068142, 5.221327
1.038, 0.000000, 3.147876, 1.074425, 5.215044
1.039, 0.000000, 3.147876, 1.074425, 5.215044
1.040, 0.000000, 3.147876, 1.074425, 5.215044
1.041, 0.000000, 3.147876, 1.074425, 5.215044
1.042, 0.000000, 3.147876, 1.074425, 5.215044
1.043, 0.000000, 3.147876, 1.074425, 5.215044
1.044, 0.000000, 3.147876, 1.074425, 5.215044
1.045, 0.000000, 3.147876, 1.074425, 5.215044
1.046, 0.000000, 3.147876, 1.074425, 5.215044
1.047, 0.000000, 3.147876, 1.074425, 5.215044
1.048, 0.000000, 3.147876, 1.074425, 5.215044
1.049, 0.000000, 3.147876, 1.074425, 5.215044
1.050, 0.000000, 3.147876, 1.080708, 5.208761
1.051, 0.000000, 3.147876, 1.080708, 5.208761
1.052, 0.000000, 3.147876, 1.080708, 5.208761
1.053, 0.000000, 3.147876, 1.080708, 5.208761
1.054, 0.000000, 3.147876, 1.080708, 5.208761
1.055, 0.000000, 3.147876, 1.080708, 5.208761
1.056, 0.000000, 3.147876, 1.080708, 5.208761
1.057, 0.000000, 3.147876, 1.080708, 5.208761
1.058, 0.000000, 3.147876, 1.080708, 5.208761
1.059, 0.000000, 3.147876, 1.080708, 5.208761
1.060, 0.000000, 3.147876, 1.080708, 5.208761
1.061, 0.000000, 3.147876, 1.080708, 5.208761
1.062, 0.000000, 3.147876, 1.080708, 5.208761
1.063, 0.000000, 3.147876, 1.086991, 5.202477
1.064, 0.000000, 3.147876, 1.086991, 5.202477
1.065, 0.000000, 3.147876, 1.086991, 5.202477
1.066, 0.000000, 3.147876, 1.086991, 5.202477
1.067, 0.000000, 3.147876, 1.086991, 5.202477
1.068, 0.000000, 3.147876, 1.086991, 5.202477
1.069, 0.000000, 3.147876, 1.086991, 5.202477
1.070, 0.000000, 3.147876, 1.086991, 5.202477
1.071, 0.000000, 3.147876, 1.086991, 5.202477
1.072, 0.000000, 3.147876, 1.086991, 5.202477
1.073, 0.000000, 3.147876, 1.086991, 5.202477
1.074, 0.000000, 3.147876, 1.086991, 5.202477
1.075, 0.000000, 3.147876, 1.093274, 5.196194
1.076, 0.000000, 3.147876, 1.093274, 5.196194
1.077, 0.000000, 3.147876, 1.093274, 5.196194
1.078, 0.000000, 3.147876, 1.093274, 5.196194
1.079, 0.000000, 3.147876, 1.093274, 5.196194
1.080, 0.000000, 3.147876, 1.093274, 5.196194
1.081, 0.000000, 3.147876, 1.093274, 5.196194
1.082, 0.000000, 3.147876, 1.093274, 5.196194
1.083, 0.000000, 3.147876, 1.093274, 5.196194
1.084, 0.000000, 3.147876, 1.093274, 5.196194
1.085, 0.000000, 3.147876, 1.093274, 5.196194
1.086, 0.000000, 3.147876, 1.093274, 5.196194
1.087, 0.000000, 3.147876, 1.093274, 5.196194
1.088, 0.000000, 3.147876, 1.099557, 5.189911
1.089, 0.000000, 3.147876, 1.099557, 5.189911
1.090, 0.000000, 3.147876, 1.099557, 5.189911
1.091, 0.000000, 3.147876, 1.099557, 5.189911
1.092, 0.000000, 3.147876, 1.099557, 5.189911
1.093, 0.000000, 3.147876, 1.099557, 5.189911
1.094, 0.000000, 3.147876, 1.099557, 5.189911
1.095, 0.000000, 3.147876, 1.099557, 5.189911
1.096, 0.000000, 3.147876, 1.099557, 5.189911
1.097, 0.000000, 3.147876, 1.099557, 5.189911
1.098, 0.000000, 3.147876, 1.099557, 5.189911
1.099, 0.000000, 3.147876, 1.099557, 5.189911
1.100, 0.000000, 3.147876, 1.099557, 5.189911
1.101, 0.000000, 3.147876, 1.099557, 5.189911
1.102, 0.000000, 3.147876, 1.105841, 5.183628
1.103, 0.000000, 3.147876, 1.105841, 5.183628
1.104, 0.000000, 3.147876, 1.105841, 5.183628
1.105, 0.000000, 3.147876, 1.105841, 5.183628
1.106, 0.000000, 3.147876, 1.105841, 5.183628
1.107, 0.000000, 3.147876, 1.105841, 5.183628
1.108, 0.000000, 3.147876, 1.105841, 5.183628
1.109, 0.000000, 3.147876, 1.105841, 5.183628
1.110, 0.000000, 3.147876, 1.105841, 5.183628
1.111, 0.000000, 3.147876, 1.105841, 5.183628
1.112, 0.000000, 3.147876, 1.105841, 5.183628
1.113, 0.000000, 3.147876, 1.105841, 5.183628
1.114, 0.000000, 3.147876, 1.105841, 5.183628
1.115, 0.000000, 3.147876, 1.105841, 5.183628
1.116, 0.000000, 3.147876, 1.112124, 5.177345
1.117, 0.000000, 3.147876, 1.112124, 5.177345
1.118, 0.000000, 3.147876, 1.112124, 5.177345
1.119, 0.000000, 3.147876, 1.112124, 5.177345
1.120, 0.000000, 3.147876, 1.112124, 5.177345
1.121, 0.000000, 3.147876, 1.112124, 5.177345
1.122, 0.000000, 3.147876, 1.112124, 5.177345
1.123, 0.000000, 3.147876, 1.112124, 5.177345
1.124, 0.000000, 3.147876, 1.112124, 5.177345
1.125, 0.000000, 3.147876, 1.112124, 5.177345
1.126, 0.000000, 3.147876, 1.112124, 5.177345
1.127, 0.000000, 3.147876, 1.112124, 5.177345
1.128, 0.000000, 3.147876, 1.112124, 5.177345
1.129, 0.000000, 3.147876, 1.112124, 5.177345
1.130, 0.000000, 3.147876, 1.118407, 5.171062
1.131, 0.000000, 3.147876, 1.118407, 5.171062
1.132, 0.000000, 3.147876, 1.118407, 5.171062
1.133, 0.000000, 3.147876, 1.118407, 5.171062
1.134, 0.000000, 3.147876, 1.118407, 5.171062
1.135, 0.000000, 3.147876, 1.118407, 5.171062
1.136, 0.000000, 3.147876, 1.118407, 5.171062
1.137, 0.000000, 3.147876, 1.118407, 5.171062
1.138, 0.000000, 3.147876, 1.118407, 5.171062
1.139, 0.000000, 3.147876, 1.118407, 5.171062
1.140, 0.000000, 3.147876, 1.118407, 5.171062
1.141, 0.000000, 3.147876, 1.118407, 5.171062
1.142, 0.000000, 3.147876, 1.118407, 5.171062
1.143, 0.000000, 3.147876, 1.118407, 5.171062
1.144, 0.000000, 3.147876, 1.124690, 5.164778
1.145, 0.000000, 3.147876, 1.124690, 5.164778
1.146, 0.000000, 3.147876, 1.124690, 5.164778
1.147, 0.000000, 3.147876, 1.124690, 5.164778
1.148, 0.000000, 3.147876, 1.124690, 5.164778
1.149, 0.000000, 3.147876, 1.124690, 5.164778
1.150, 0.000000, 3.147876, 1.124690, 5.164778
1.151, 0.000000, 3.147876, 1.124690, 5.164778
1.152, 0.000000, 3.147876, 1.124690, 5.164778
1.153, 0.000000, 3.147876, 1.124690, 5.164778
1.154, 0.000000, 3.147876, 1.124690, 5.164778
1.155, 0.000000, 3.147876, 1.124690, 5.164778
1.156, 0.000000, 3.147876, 1.124690, 5.164778
1.157, 0.000000, 3.147876, 1.124690, 5.164778
1.158, 0.000000, 3.147876, 1.124690, 5.164778
1.159, 0.000000, 3.147876, 1.130973, 5.158495
1.160, 0.000000, 3.147876, 1.130973, 5.158495
1.161, 0.000000, 3.147876, 1.130973, 5.158495
1.162, 0.000000, 3.147876, 1.130973, 5.158495
1.163, 0.000000, 3.147876, 1.130973, 5.158495
1.164, 0.000000, 3.147876, 1.130973, 5.158495
1.165, 0.000000, 3.147876, 1.130973, 5.158495
1.166, 0.000000, 3.147876, 1.130973, 5.158495
1.167, 0.000000, 3.147876, 1.130973, 5.158495
1.168, 0.000000, 3.147876, 1.130973, 5.158495
1.169, 0.000000, 3.147876, 1.130973, 5.158495
1.170, 0.000000, 3.147876, 1.130973, 5.158495
1.171, 0.000000, 3.147876, 1.130973, 5.158495
1.172, 0.000000, 3.147876, 1.130973, 5.158495
1.173, 0.000000, 3.147876, 1.130973, 5.158495
1.174, 0.000000, 3.147876, 1.130973, 5.158495
1.175, 0.000000, 3.147876, 1.137257, 5.152212
1.176, 0.000000, 3.147876, 1.137257, 5.152212
1.177, 0.000000, 3.147876, 1.137257, 5.152212
1.178, 0.000000, 3.147876, 1.137257, 5.152212
1.179, 0.000000, 3.147876, 1.137257, 5.152212
1.180, 0.000000, 3.147876, 1.137257, 5.152212
1.181, 0.000000, 3.147876, 1.137257, 5.152212
1.182, 0.000000, 3.147876, 1.137257, 5.152212
1.183, 0.000000, 3.147876, 1.137257, 5.152212
1.184, 0.000000, 3.147876, 1.137257, 5.152212
1.185, 0.000000, 3.147876, 1.137257, 5.152212
1.186, 0.000000, 3.147876, 1.137257, 5.152212
1.187, 0.000000, 3.147876, 1.137257, 5.152212
1.188, 0.000000, 3.147876, 1.137257, 5.152212
1.189, 0.000000, 3.147876, 1.137257, 5.152212
1.190, 0.000000, 3.147876, 1.137257, 5.152212
1.191, 0.000000, 3.147876, 1.143540, 5.145929
1.192, 0.000000, 3.147876, 1.143540, 5.145929
1.193, 0.000000, 3.147876, 1.143540, 5.145929
1.194, 0.000000, 3.147876, 1.143540, 5.145929
1.195, 0.000000, 3.147876, 1.143540, 5.145929
1.196, 0.000000, 3.147876, 1.143540, 5.145929
1.197, 0.000000, 3.147876, 1.143540, 5.145929
1.198, 0.000000, 3.147876, 1.143540, 5.145929
1.199, 0.000000, 3.147876, 1.143540, 5.145929
1.200, 0.000000, 3.147876, 1.143540, 5.145929
1.201, 0.000000, 3.147876, 1.143540, 5.145929
1.202, 0.000000, 3.147876, 1.143540, 5.145929
1.203, 0.000000, 3.147876, 1.143540, 5.145929
1.204, 0.000000, 3.147876, 1.143540, 5.145929
1.205, 0.000000, 3.147876, 1.143540, 5.145929
1.206, 0.000000, 3.147876, 1.143540, 5.145929
1.207, 0.000000, 3.147876, 1.149823, 5.139646
1.208, 0.000000, 3.147876, 1.149823, 5.139646
1.209, 0.000000, 3.147876, 1.149823, 5.139646
1.210, 0.000000, 3.147876, 1.149823, 5.139646
1.211, 0.000000, 3.147876, 1.149823, 5.139646
1.212, 0.000000, 3.147876, 1.149823, 5.139646
1.213, 0.000000, 3.147876, 1.149823, 5.139646
1.214, 0.000000, 3.147876, 1.149823, 5.139646
1.215, 0.000000, 3.147876, 1.149823, 5.139646
1.216, 0.000000, 3.147876, 1.149823, 5.139646
1.217, 0.000000, 3.147876, 1.149823, 5.139646
1.218, 0.000000, 3.147876, 1.149823, 5.139646
1.219, 0.000000, 3.147876, 1.149823, 5.139646
1.220, 0.000000, 3.147876, 1.149823, 5.139646
1.221, 0.000000, 3.147876, 1.149823, 5.139646
1.222, 0.000000, 3.147876, 1.149823, 5.139646
1.223, 0.000000, 3.147876, 1.149823, 5.139646
1.224, 0.000000, 3.147876, 1.156106, 5.133362
1.225, 0.000000, 3.147876, 1.156106, 5.133362
1.226, 0.000000, 3.147876, 1.156106, 5.133362
1.227, 0.000000, 3.147876, 1.156106, 5.133362
1.228, 0.000000, 3.147876, 1.156106, 5.133362
1.229, 0.000000, 3.147876, 1.156106, 5.133362
1.230, 0.000000, 3.147876, 1.156106, 5.133362
1.231, 0.000000, 3.147876, 1.156106, 5.133362
1.232, 0.000000, 3.147876, 1.156106, 5.133362
1.233, 0.000000, 3.147876, 1.156106, 5.133362
1.234, 0.000000, 3.147876, 1.156106, 5.133362
1.235, 0.000000, 3.147876, 1.156106, 5.133362
1.236, 0.000000, 3.147876, 1.156106, 5.133362
1.237, 0.000000, 3.147876, 1.156106, 5.133362
1.238, 0.000000, 3.147876, 1.156106, 5.133362
1.239, 0.000000, 3.147876, 1.156106, 5.133362
1.240, 0.000000, 3.147876, 1.156106, 5.133362
1.241, 0.000000, 3.147876, 1.162389, 5.127079
1.242, 0.000000, 3.147876, 1.162389, 5.127079
1.243, 0.000000, 3.147876, 1.162389, 5.127079
1.244, 0.000000, 3.147876, 1.162389, 5.127079
1.245, 0.000000, 3.147876, 1.162389, 5.127079
1.246, 0.000000, 3.147876, 1.162389, 5.127079
1.247, 0.000000, 3.147876, 1.162389, 5.127079
1.248, 0.000000, 3.147876, 1.162389, 5.127079
1.249, 0.000000, 3.147876, 1.162389, 5.127079
1.250, 0.000000, 3.147876, 1.162389, 5.127079
1.251, 0.000000, 3.147876, 1.162389, 5.127079
1.252, 0.000000, 3.147876, 1.162389, 5.127079
1.253, 0.000000, 3.147876, 1.162389, 5.127079
1.254, 0.000000, 3.147876, 1.162389, 5.127079
1.255, 0.000000, 3.147876, 1.162389, 5.127079
1.256, 0.000000, 3.147876, 1.162389, 5.127079
1.257, 0.000000, 3.147876, 1.162389, 5.127079
1.258, 0.000000, 3.147876, 1.162389, 5.127079
1.259, 0.000000, 3.147876, 1.168672, 5.120796
1.260, 0.000000, 3.147876, 1.168672, 5.120796
1.261, 0.000000, 3.147876, 1.168672, 5.120796
1.262, 0.000000, 3.147876, 1.168672, 5.120796
1.263, 0.000000, 3.147876, 1.168672, 5.120796
1.264, 0.000000, 3.147876, 1.168672, 5.120796
1.265, 0.000000, 3.147876, 1.168672, 5.120796
1.266, 0.000000, 3.147876, 1.168672, 5.120796
1.267, 0.000000, 3.147876, 1.168672, 5.120796
1.268, 0.000000, 3.147876, 1.168672, 5.120796
1.269, 0.000000, 3.147876, 1.168672, 5.120796
1.270, 0.000000, 3.147876, 1.168672, 5.120796
1.271, 0.000000, 3.147876, 1.168672, 5.120796
1.272, 0.000000, 3.147876, 1.168672, 5.120796
1.273, 0.000000, 3.147876, 1.168672, 5.120796
1.274, 0.000000, 3.147876, 1.168672, 5.120796
1.275, 0.000000, 3.147876, 1.168672, 5.120796
1.276, 0.000000, 3.147876, 1.168672, 5.120796
1.277, 0.000000, 3.147876, 1.168672, 5.120796
1.278, 0.000000, 3.147876, 1.174956, 5.114513
1.279, 0.000000, 3.147876, 1.174956, 5.114513
1.280, 0.000000, 3.147876, 1.174956, 5.114513
1.281, 0.000000, 3.147876, 1.174956, 5.114513
1.282, 0.000000, 3.147876, 1.174956, 5.114513
1.283, 0.000000, 3.147876, 1.174956, 5.114513
1.284, 0.000000, 3.147876, 1.174956, 5.114513
1.285, 0.000000, 3.147876, 1.174956, 5.114513
1.286, 0.000000, 3.147876, 1.174956, 5.114513
1.287, 0.000000, 3.147876, 1.174956, 5.114513
1.288, 0.000000, 3.147876, 1.174956, 5.114513
1.289, 0.000000, 3.147876, 1.174956, 5.114513
1.290, 0.000000, 3.147876, 1.174956, 5.114513
1.291, 0.000000, 3.147876, 1.174956, 5.114513
1.292, 0.000000, 3.147876, 1.174956, 5.114513
1.293, 0.000000, 3.147876, 1.174956, 5.114513
1.294, 0.000000, 3.147876, 1.174956, 5.114513
1.295, 0.000000, 3.147876, 1.174956, 5.114513
1.296, 0.000000, 3.147876, 1.174956, 5.114513
1.297, 0.000000, 3.147876, 1.181239, 5.108230
1.298, 0.000000, 3.147876, 1.181239, 5.108230
1.299, 0.000000, 3.147876, 1.181239, 5.108230
1.300, 0.000000, 3.147876, 1.181239, 5.108230
1.301, 0.000000, 3.147876, 1.181239, 5.108230
1.302, 0.000000, 3.147876, 1.181239, 5.108230
1.303, 0.000000, 3.147876, 1.181239, 5.108230
1.304, 0.000000, 3.147876, 1.181239, 5.108230
1.305, 0.000000, 3.147876, 1.181239, 5.108230
1.306, 0.000000, 3.147876, 1.181239, 5.108230
1.307, 0.000000, 3.147876, 1.181239, 5.108230
1.308, 0.000000, 3.147876, 1.181239, 5.108230
1.309, 0.000000, 3.147876, 1.181239, 5.108230
1.310, 0.000000, 3.147876, 1.181239, 5.108230
1.311, 0.000000, 3.147876, 1.181239, 5.108230
1.312, 0.000000, 3.147876, 1.181239, 5.108230
1.313, 0.000000, 3.147876, 1.181239, 5.108230
1.314, 0.000000, 3.147876, 1.181239, 5.108230
1.315, 0.000000, 3.147876, 1.181239, 5.108230
1.316, 0.000000, 3.147876, 1.181239, 5.108230
1.317, 0.000000, 3.147876, 1.187522, 5.101946
1.318, 0.000000, 3.147876, 1.187522, 5.101946
1.319, 0.000000, 3.147876, 1.187522, 5.101946
1.320, 0.000000, 3.147876, 1.187522, 5.101946
1.321, 0.000000, 3.147876, 1.187522, 5.101946
1.322, 0.000000, 3.147876, 1.187522, 5.101946
1.323, 0.000000, 3.147876, 1.187522, 5.101946
1.324, 0.000000, 3.147876, 1.187522, 5.101946
1.325, 0.000000, 3.147876, 1.187522, 5.101946
1.326, 0.000000, 3.147876, 1.187522, 5.101946
1.327, 0.000000, 3.147876, 1.187522, 5.101946
1.328, 0.000000, 3.147876, 1.187522, 5.101946
1.329, 0.000000, 3.147876, 1.187522, 5.101946
1.330, 0.000000, 3.147876, 1.187522, 5.101946
1.331, 0.000000, 3.147876, 1.187522, 5.101946
1.332, 0.000000, 3.147876, 1.187522, 5.101946
1.333, 0.000000, 3.147876, 1.187522, 5.101946
1.334, 0.000000, 3.147876, 1.187522, 5.101946
1.335, 0.000000, 3.147876, 1.187522, 5.101946
1.336, 0.000000, 3.147876, 1.187522, 5.101946
1.337, 0.000000, 3.147876, 1.187522, 5.101946
1.338, 0.000000, 3.147876, 1.193805, 5.095663
1.339, 0.000000, 3.147876, 1.193805, 5.095663
1.340, 0.000000, 3.147876, 1.193805, 5.095663
1.341, 0.000000, 3.147876, 1.193805, 5.095663
1.342, 0.000000, 3.147876, 1.193805, 5.095663
1.343, 0.000000, 3.147876, 1.193805, 5.095663
1.344, 0.000000, 3.147876, 1.193805, 5.095663
1.345, 0.000000, 3.147876, 1.193805, 5.095663
1.346, 0.000000, 3.147876, 1.193805, 5.095663
1.347, 0.000000, 3.147876, 1.193805, 5.095663
1.348, 0.000000, 3.147876, 1.193805, 5.095663
1.349, 0.000000, 3.147876, 1.193805, 5.095663
1.350, 0.000000, 3.147876, 1.193805, 5.095663
1.351, 0.000000, 3.147876, 1.193805, 5.095663
1.352, 0.000000, 3.147876, 1.193805, 5.095663
1.353, 0.000000, 3.147876, 1.193805, 5.095663
1.354, 0.000000, 3.147876, 1.193805, 5.095663
1.355, 0.000000, 3.147876, 1.193805, 5.095663
1.356, 0.000000, 3.147876, 1.193805, 5.095663
1.357, 0.000000, 3.147876, 1.193805, 5.095663
1.358, 0.000000, 3.147876, 1.193805, 5.095663
1.359, 0.000000, 3.147876, 1.200088, 5.089380
1.360, 0.000000, 3.147876, 1.200088, 5.089380
1.361, 0.000000, 3.147876, 1.200088, 5.089380
1.362, 0.000000, 3.147876, 1.200088, 5.089380
1.363, 0.000000, 3.147876, 1.200088, 5.089380
1.364, 0.000000, 3.147876, 1.200088, 5.089380
1.365, 0.000000, 3.147876, 1.200088, 5.089380
1.366, 0.000000, 3.147876, 1.200088, 5.089380
1.367, 0.000000, 3.147876, 1.200088, 5.089380
1.368, 0.000000, 3.147876, 1.200088, 5.089380
1.369, 0.000000, 3.147876, 1.200088, 5.089380
1.370, 0.000000, 3.147876, 1.200088, 5.089380
1.371, 0.000000, 3.147876, 1.200088, 5.089380
1.372, 0.000000, 3.147876, 1.200088, 5.089380
1.373, 0.000000, 3.147876, 1.200088, 5.089380
1.374, 0.000000, 3.147876, 1.200088, 5.089380
1.375, 0.000000, 3.147876, 1.200088, 5.089380
1.376, 0.000000, 3.147876, 1.200088, 5.089380
1.377, 0.000000, 3.147876, 1.200088, 5.089380
1.378, 0.000000, 3.147876, 1.200088, 5.089380
1.379, 0.000000, 3.147876, 1.200088, 5.089380
1.380, 0.000000, 3.147876, 1.200088, 5.089380
1.381, 0.000000, 3.147876, 1.206372, 5.083097
1.382, 0.000000, 3.147876, 1.206372, 5.083097
1.383, 0.000000, 3.147876, 1.206372, 5.083097
1.384, 0.000000, 3.147876, 1.206372, 5.083097
1.385, 0.000000, 3.147876, 1.206372, 5.083097
1.386, 0.000000, 3.147876, 1.206372, 5.083097
1.387, 0.000000, 3.147876, 1.206372, 5.083097
1.388, 0.000000, 3.147876, 1.206372, 5.083097
1.389, 0.000000, 3.147876, 1.206372, 5.083097
1.390, 0.000000, 3.147876, 1.206372, 5.083097
1.391, 0.000000, 3.147876, 1.206372, 5.083097
1.392, 0.000000, 3.147876, 1.206372, 5.083097
1.393, 0.000000, 3.147876, 1.206372, 5.083097
1.394, 0.000000, 3.147876, 1.206372, 5.083097
1.395, 0.000000, 3.147876, 1.206372, 5.083097
1.396, 0.000000, 3.147876, 1.206372, 5.083097
1.397, 0.000000, 3.147876, 1.206372, 5.083097
1.398, 0.000000, 3.147876, 1.206372, 5.083097
1.399, 0.000000, 3.147876, 1.206372, 5.083097
1.400, 0.000000, 3.147876, 1.206372, 5.083097
1.401, 0.000000, 3.147876, 1.206372, 5.083097
1.402, 0.000000, 3.147876, 1.206372, 5.083097
1.403, 0.000000, 3.147876, 1.212655, 5.076814
1.404, 0.000000, 3.147876, 1.212655, 5.076814
1.405, 0.000000, 3.147876, 1.212655, 5.076814
1.406, 0.000000, 3.147876, 1.212655, 5.076814
1.407, 0.000000, 3.147876, 1.212655, 5.076814
1.408, 0.000000, 3.147876, 1.212655, 5.076814
1.409, 0.000000, 3.147876, 1.212655, 5.076814
1.410, 0.000000, 3.147876, 1.212655, 5.076814
1.411, 0.000000, 3.147876, 1.212655, 5.076814
1.412, 0.000000, 3.147876, 1.212655, 5.076814
1.413, 0.000000, 3.147876, 1.212655, 5.076814
1.414, 0.000000, 3.147876, 1.212655, 5.076814
1.415, 0.000000, 3.147876, 1.212655, 5.076814
1.416, 0.000000, 3.147876, 1.212655, 5.076814
1.417, 0.000000, 3.147876, 1.212655, 5.076814
1.418, 0.000000, 3.147876, 1.212655, 5.076814
1.419, 0.000000, 3.147876, 1.212655, 5.076814
1.420, 0.000000, 3.147876, 1.212655, 5.076814
1.421, 0.000000, 3.147876, 1.212655, 5.076814
1.422, 0.000000, 3.147876, 1.212655, 5.076814
1.423, 0.000000, 3.147876, 1.212655, 5.076814
1.424, 0.000000, 3.147876, 1.212655, 5.076814
1.425, 0.000000, 3.147876, 1.212655, 5.076814
1.426, 0.000000, 3.147876, 1.212655, 5.076814
1.427, 0.000000, 3.147876, 1.218938, 5.070531
1.428, 0.000000, 3.147876, 1.218938, 5.070531
1.429, 0.000000, 3.147876, 1.218938, 5.070531
1.430, 0.000000, 3.147876, 1.218938, 5.070531
1.431, 0.000000, 3.147876, 1.218938, 5.070531
1.432, 0.000000, 3.147876, 1.218938, 5.070531
1.433, 0.000000, 3.147876, 1.218938, 5.070531
1.434, 0.000000, 3.147876, 1.218938, 5.070531
1.435, 0.000000, 3.147876, 1.218938, 5.070531
1.436, 0.000000, 3.147876, 1.218938, 5.070531
1.437, 0.000000, 3.147876, 1.218938, 5.070531
1.438, 0.000000, 3.147876, 1.218938, 5.070531
1.439, 0.000000, 3.147876, 1.218938, 5.070531
1.440, 0.000000, 3.147876, 1.218938, 5.070531
1.441, 0.000000, 3.147876, 1.218938, 5.070531
1.442, 0.000000, 3.147876, 1.218938, 5.070531
1.443, 0.000000, 3.147876, 1.218938, 5.070531
1.444, 0.000000, 3.147876, 1.218938, 5.070531
1.445, 0.000000, 3.147876, 1.218938, 5.070531
1.446, 0.000000, 3.147876, 1.218938, 5.070531
1.447, 0.000000, 3.147876, 1.218938, 5.070531
1.448, 0.000000, 3.147876, 1.218938, 5.070531
1.449, 0.000000, 3.147876, 1.218938, 5.070531
1.450, 0.000000, 3.147876, 1.218938, 5.070531
1.451, 0.000000, 3.147876, 1.225221, 5.064247
1.452, 0.000000, 3.147876, 1.225221, 5.064247
1.453, 0.000000, 3.147876, 1.225221, 5.064247
1.454, 0.000000, 3.147876, 1.225221, 5.064247
1.455, 0.000000, 3.147876, 1.225221, 5.064247
1.456, 0.000000, 3.147876, 1.225221, 5.064247
1.457, 0.000000, 3.147876, 1.225221, 5.064247
1.458, 0.000000, 3.147876, 1.225221, 5.064247
1.459, 0.000000, 3.147876, 1.225221, 5.064247
1.460, 0.000000, 3.147876, 1.225221, 5.064247
1.461, 0.000000, 3.147876, 1.225221, 5.064247
1.462, 0.000000, 3.147876, 1.225221, 5.064247
1.463, 0.000000, 3.147876, 1.225221, 5.064247
1.464, 0.000000, 3.147876, 1.225221, 5.064247
1.465, 0.000000, 3.147876, 1.225221, 5.064247
1.466, 0.000000, 3.147876, 1.225221, 5.064247
1.467, 0.000000, 3.147876, 1.225221, 5.064247
1.468, 0.000000, 3.147876, 1.225221, 5.064247
1.469, 0.000000, 3.147876, 1.225221, 5.064247
1.470, 0.000000, 3.147876, 1.225221, 5.064247
1.471, 0.000000, 3.147876, 1.225221, 5.064247
1.472, 0.000000, 3.147876, 1.225221, 5.064247
1.473, 0.000000, 3.147876, 1.225221, 5.064247
1.474, 0.000000, 3.147876, 1.225221, 5.064247
1.475, 0.000000, 3.147876, 1.225221, 5.064247
1.476, 0.000000, 3.147876, 1.225221, 5.064247
1.477, 0.000000, 3.147876, 1.231504, 5.057964
1.478, 0.000000, 3.147876, 1.231504, 5.057964
1.479, 0.000000, 3.147876, 1.231504, 5.057964
1.480, 0.000000, 3.147876, 1.231504, 5.057964
1.481, 0.000000, 3.147876, 1.231504, 5.057964
1.482, 0.000000, 3.147876, 1.231504, 5.057964
1.483, 0.000000, 3.147876, 1.231504, 5.057964
1.484, 0.000000, 3.147876, 1.231504, 5.057964
1.485, 0.000000, 3.147876, 1.231504, 5.057964
1.486, 0.000000, 3.147876, 1.231504, 5.057964
1.487, 0.000000, 3.147876, 1.231504, 5.057964
1.488, 0.000000, 3.147876, 1.231504, 5.057964
1.489, 0.000000, 3.147876, 1.231504, 5.057964
1.490, 0.000000, 3.147876, 1.231504, 5.057964
1.491, 0.000000, 3.147876, 1.231504, 5.057964
1.492, 0.000000, 3.147876, 1.231504, 5.057964
1.493, 0.000000, 3.147876, 1.231504, 5.057964
1.494, 0.000000, 3.147876, 1.231504, 5.057964
1.495, 0.000000, 3.147876, 1.231504, 5.057964
1.496, 0.000000, 3.147876, 1.231504, 5.057964
1.497, 0.000000, 3.147876, 1.231504, 5.057964
1.498, 0.000000, 3.147876, 1.231504, 5.057964
1.499, 0.000000, 3.147876, 1.231504, 5.057964
1.500, 0.000000, 3.147876, 1.231504, 5.057964
1.501, 0.000000, 3.147876, 1.231504, 5.057964
1.502, 0.000000, 3.147876, 1.231504, 5.057964
1.503, 0.000000, 3.147876, 1.237788, 5.051681
1.504, 0.000000, 3.147876, 1.237788, 5.051681
1.505, 0.000000, 3.147876, 1.237788, 5.051681
1.506, 0.000000, 3.147876, 1.237788, 5.051681
1.507, 0.000000, 3.147876, 1.237788, 5.051681
1.508, 0.000000, 3.147876, 1.237788, 5.051681
1.509, 0.000000, 3.147876, 1.237788, 5.051681
1.510, 0.000000, 3.147876, 1.237788, 5.051681
1.511, 0.000000, 3.147876, 1.237788, 5.051681
1.512, 0.000000, 3.147876, 1.237788, 5.051681
1.513, 0.000000, 3.147876, 1.237788, 5.051681
1.514, 0.000000, 3.147876, 1.237788, 5.051681
1.515, 0.000000, 3.147876, 1.237788, 5.051681
1.516, 0.000000, 3.147876, 1.237788, 5.051681
1.517, 0.000000, 3.147876, 1.237788, 5.051681
1.518, 0.000000, 3.147876, 1.237788, 5.051681
1.519, 0.000000, 3.147876, 1.237788, 5.051681
1.520, 0.000000, 3.147876, 1.237788, 5.051681
1.521, 0.000000, 3.147876, 1.237788, 5.051681
1.522, 0.000000, 3.147876, 1.237788, 5.051681
1.523, 0.000000, 3.147876, 1.237788, 5.051681
1.524, 0.000000, 3.147876, 1.237788, 5.051681
1.525, 0.000000, 3.147876, 1.237788, 5.051681
1.526, 0.000000, 3.147876, 1.237788, 5.051681
1.527, 0.000000, 3.147876, 1.237788, 5.051681
1.528, 0.000000, 3.147876, 1.237788, 5.051681
1.529, 0.000000, 3.147876, 1.237788, 5.051681
1.530, 0.000000, 3.147876, 1.244071, 5.045398
1.531, 0.000000, 3.147876, 1.244071, 5.045398
1.532, 0.000000, 3.147876, 1.244071, 5.045398
1.533, 0.000000, 3.147876, 1.244071, 5.045398
1.534, 0.000000, 3.147876, 1.244071, 5.045398
1.535, 0.000000, 3.147876, 1.244071, 5.045398
1.536, 0.000000, 3.147876, 1.244071, 5.045398
1.537, 0.000000, 3.147876, 1.244071, 5.045398
1.538, 0.000000, 3.147876, 1.244071, 5.045398
1.539, 0.000000, 3.147876, 1.244071, 5.045398
1.540, 0.000000, 3.147876, 1.244071, 5.045398
1.541, 0.000000, 3.147876, 1.244071, 5.045398
1.542, 0.000000, 3.147876, 1.244071, 5.045398
1.543, 0.000000, 3.147876, 1.244071, 5.045398
1.544, 0.000000, 3.147876, 1.244071, 5.045398
1.545, 0.000000, 3.147876, 1.244071, 5.045398
1.546, 0.000000, 3.147876, 1.244071, 5.045398
1.547, 0.000000, 3.147876, 1.244071, 5.045398
1.548, 0.000000, 3.147876, 1.244071, 5.045398
1.549, 0.000000, 3.147876, 1.244071, 5.045398
1.550, 0.000000, 3.147876, 1.244071, 5.045398
1.551, 0.000000, 3.147876, 1.244071, 5.045398
1.552, 0.000000, 3.147876, 1.244071, 5.045398
1.553, 0.000000, 3.147876, 1.244071, 5.045398
1.554, 0.000000, 3.147876, 1.244071, 5.045398
1.555, 0.000000, 3.147876, 1.244071, 5.045398
1.556, 0.000000, 3.147876, 1.244071, 5.045398
1.557, 0.000000, 3.147876, 1.244071, 5.045398
1.558, 0.000000, 3.147876, 1.250354, 5.039115
1.559, 0.000000, 3.147876, 1.250354, 5.039115
1.560, 0.000000, 3.147876, 1.250354, 5.039115
1.561, 0.000000, 3.147876, 1.250354, 5.039115
1.562, 0.000000, 3.147876, 1.250354, 5.039115
1.563, 0.000000, 3.147876, 1.250354, 5.039115
1.564, 0.000000, 3.147876, 1.250354, 5.039115
1.565, 0.000000, 3.147876, 1.250354, 5.039115
1.566, 0.000000, 3.147876, 1.250354, 5.039115
1.567, 0.000000, 3.147876, 1.250354, 5.039115
1.568, 0.000000, 3.147876, 1.250354, 5.039115
1.569, 0.000000, 3.147876, 1.250354, 5.039115
1.570, 0.000000, 3.147876, 1.250354, 5.039115
1.571, 0.000000, 3.147876, 1.250354, 5.039115
1.572, 0.000000, 3.147876, 1.250354, 5.039115
1.573, 0.000000, 3.147876, 1.250354, 5.039115
1.574, 0.000000, 3.147876, 1.250354, 5.039115
1.575, 0.000000, 3.147876, 1.250354, 5.039115
1.576, 0.000000, 3.147876, 1.250354, 5.039115
1.577, 0.000000, 3.147876, 1.250354, 5.039115
1.578, 0.000000, 3.147876, 1.250354, 5.039115
1.579, 0.000000, 3.147876, 1.250354, 5.039115
1.580, 0.000000, 3.147876, 1.250354, 5.039115
1.581, 0.000000, 3.147876, 1.250354, 5.039115
1.582, 0.000000, 3.147876, 1.250354, 5.039115
1.583, 0.000000, 3.147876, 1.250354, 5.039115
1.584, 0.000000, 3.147876, 1.250354, 5.039115
1.585, 0.000000, 3.147876, 1.250354, 5.039115
1.586, 0.000000, 3.147876, 1.250354, 5.039115
1.587, 0.000000, 3.147876, 1.250354, 5.039115
1.588, 0.000000, 3.147876, 1.256637, 5.032831
1.589, 0.000000, 3.147876, 1.256637, 5.032831
1.590, 0.000000, 3.147876, 1.256637, 5.032831
1.591, 0.000000, 3.147876, 1.256637, 5.032831
1.592, 0.000000, 3.147876, 1.256637, 5.032831
1.593, 0.000000, 3.147876, 1.256637, 5.032831
1.594, 0.000000, 3.147876, 1.256637, 5.032831
1.595, 0.000000, 3.147876, 1.256637, 5.032831
1.596, 0.000000, 3.147876, 1.256637, 5.032831
1.597, 0.000000, 3.147876, 1.256637, 5.032831
1.598, 0.000000, 3.147876, 1.256637, 5.032831
1.599, 0.000000, 3.147876, 1.256637, 5.032831
1.600, 0.000000, 3.147876, 1.256637, 5.032831
1.601, 0.000000, 3.147876, 1.256637, 5.032831
1.602, 0.000000, 3.147876, 1.256637, 5.032831
1.603, 0.000000, 3.147876, 1.256637, 5.032831
1.604, 0.000000, 3.147876, 1.256637, 5.032831
1.605, 0.000000, 3.147876, 1.256637, 5.032831
1.606, 0.000000, 3.147876, 1.256637, 5.032831
1.607, 0.000000, 3.147876, 1.256637, 5.032831
1.608, 0.000000, 3.147876, 1.256637, 5.032831
1.609, 0.000000, 3.147876, 1.256637, 5.032831
1.610, 0.000000, 3.147876, 1.256637, 5.032831
1.611, 0.000000, 3.147876, 1.256637, 5.032831
1.612, 0.000000, 3.147876, 1.256637, 5.032831
1.613, 0.000000, 3.147876, 1.256637, 5.032831
1.614, 0.000000, 3.147876, 1.256637, 5.032831
1.615, 0.000000, 3.147876, 1.256637, 5.032831
1.616, 0.000000, 3.147876, 1.256637, 5.032831
1.617, 0.000000, 3.147876, 1.256637, 5.032831
1.618, 0.000000, 3.147876, 1.256637, 5.032831
1.619, 0.000000, 3.147876, 1.262920, 5.026548
1.620, 0.000000, 3.147876, 1.262920, 5.026548
1.621, 0.000000, 3.147876, 1.262920, 5.026548
1.622, 0.000000, 3.147876, 1.262920, 5.026548
1.623, 0.000000, 3.147876, 1.262920, 5.026548
1.624, 0.000000, 3.147876, 1.262920, 5.026548
1.625, 0.000000, 3.147876, 1.262920, 5.026548
1.626, 0.000000, 3.147876, 1.262920, 5.026548
1.627, 0.000000, 3.147876, 1.262920, 5.026548
1.628, 0.000000, 3.147876, 1.262920, 5.026548
1.629, 0.000000, 3.147876, 1.262920, 5.026548
1.630, 0.000000, 3.147876, 1.262920, 5.026548
1.631, 0.000000, 3.147876, 1.262920, 5.026548
1.632, 0.000000, 3.147876, 1.262920, 5.026548
1.633, 0.000000, 3.147876, 1.262920, 5.026548
1.634, 0.000000, 3.147876, 1.262920, 5.026548
1.635, 0.000000, 3.147876, 1.262920, 5.026548
1.636, 0.000000, 3.147876, 1.262920, 5.026548
1.637, 0.000000, 3.147876, 1.262920, 5.026548
1.638, 0.000000, 3.147876, 1.262920, 5.026548
1.639, 0.000000, 3.147876, 1.262920, 5.026548
1.640, 0.000000, 3.147876, 1.262920, 5.026548
1.641, 0.000000, 3.147876, 1.262920, 5.026548
1.642, 0.000000, 3.147876, 1.262920, 5.026548
1.643, 0.000000, 3.147876, 1.262920, 5.026548
1.644, 0.000000, 3.147876, 1.262920, 5.026548
1.645, 0.000000, 3.147876, 1.262920, 5.026548
1.646, 0.000000, 3.147876, 1.262920, 5.026548
1.647, 0.000000, 3.147876, 1.262920, 5.026548
1.648, 0.000000, 3.147876, 1.262920, 5.026548
1.649, 0.000000, 3.147876, 1.262920, 5.026548
1.650, 0.000000, 3.147876, 1.269203, 5.020265
1.651, 0.000000, 3.147876, 1.269203, 5.020265
1.652, 0.000000, 3.147876, 1.269203, 5.020265
1.653, 0.000000, 3.147876, 1.269203, 5.020265
1.654, 0.000000, 3.147876, 1.269203, 5.020265
1.655, 0.000000, 3.147876, 1.269203, 5.020265
1.656, 0.000000, 3.147876, 1.269203, 5.020265
1.657, 0.000000, 3.147876, 1.269203, 5.020265
1.658, 0.000000, 3.147876, 1.269203, 5.020265
1.659, 0.000000, 3.147876, 1.269203, 5.020265
1.660, 0.000000, 3.147876, 1.269203, 5.020265
1.661, 0.000000, 3.147876, 1.269203, 5.020265
1.662, 0.000000, 3.147876, 1.269203, 5.020265
1.663, 0.000000, 3.147876, 1.269203, 5.020265
1.664, 0.000000, 3.147876, 1.269203, 5.020265
1.665, 0.000000, 3.147876, 1.269203, 5.020265
1.666, 0.000000, 3.147876, 1.269203, 5.020265
1.667, 0.000000, 3.147876, 1.269203, 5.020265
1.668, 0.000000, 3.147876, 1.269203, 5.020265
1.669, 0.000000, 3.147876, 1.269203, 5.020265
1.670, 0.000000, 3.147876, 1.269203, 5.020265
1.671, 0.000000, 3.147876, 1.269203, 5.020265
1.672, 0.000000, 3.147876, 1.269203, 5.020265
1.673, 0.000000, 3.147876, 1.269203, 5.020265
1.674, 0.000000, 3.147876, 1.269203, 5.020265
1.675, 0.000000, 3.147876, 1.269203, 5.020265
1.676, 0.000000, 3.147876, 1.269203, 5.020265
1.677, 0.000000, 3.147876, 1.269203, 5.020265
1.678, 0.000000, 3.147876, 1.269203, 5.020265
1.679, 0.000000, 3.147876, 1.269203, 5.020265
1.680, 0.000000, 3.147876, 1.269203, 5.020265
1.681, 0.000000, 3.147876, 1.269203, 5.020265
1.682, 0.000000, 3.147876, 1.269203, 5.020265
1.683, 0.000000, 3.147876, 1.269203, 5.020265
1.684, 0.000000, 3.147876, 1.275487, 5.013982
1.685, 0.000000, 3.147876, 1.275487, 5.013982
1.686, 0.000000, 3.147876, 1.275487, 5.013982
1.687, 0.000000, 3.147876, 1.275487, 5.013982
1.688, 0.000000, 3.147876, 1.275487, 5.013982
1.689, 0.000000, 3.147876, 1.275487, 5.013982
1.690, 0.000000, 3.147876, 1.275487, 5.013982
1.691, 0.000000, 3.147876, 1.275487, 5.013982
1.692, 0.000000, 3.147876, 1.275487, 5.013982
1.693, 0.000000, 3.147876, 1.275487, 5.013982
1.694, 0.000000, 3.147876, 1.275487, 5.013982
1.695, 0.000000, 3.147876, 1.275487, 5.013982
1.696, 0.000000, 3.147876, 1.275487, 5.013982
1.697, 0.000000, 3.147876, 1.275487, 5.013982
1.698, 0.000000, 3.147876, 1.275487, 5.013982
1.699, 0.000000, 3.147876, 1.275487, 5.013982
1.700, 0.000000, 3.147876, 1.275487, 5.013982
1.701, 0.000000, 3.147876, 1.275487, 5.013982
1.702, 0.000000, 3.147876, 1.275487, 5.013982
1.703, 0.000000, 3.147876, 1.275487, 5.013982
1.704, 0.000000, 3.147876, 1.275487, 5.013982
1.705, 0.000000, 3.147876, 1.275487, 5.013982
1.706, 0.000000, 3.147876, 1.275487, 5.013982
1.707, 0.000000, 3.147876, 1.275487, 5.013982
1.708, 0.000000, 3.147876, 1.275487, 5.013982
1.709, 0.000000, 3.147876, 1.275487, 5.013982
1.710, 0.000000, 3.147876, 1.275487, 5.013982
1.711, 0.000000, 3.147876, 1.275487, 5.013982
1.712, 0.000000, 3.147876, 1.275487, 5.013982
1.713, 0.000000, 3.147876, 1.275487, 5.013982
1.714, 0.000000, 3.147876, 1.275487, 5.013982
1.715, 0.000000, 3.147876, 1.275487, 5.013982
1.716, 0.000000, 3.147876, 1.275487, 5.013982
1.717, 0.000000, 3.147876, 1.275487, 5.013982
1.718, 0.000000, 3.147876, 1.281770, 5.007699
1.719, 0.000000, 3.147876, 1.281770, 5.007699
1.720, 0.000000, 3.147876, 1.281770, 5.007699
1.721, 0.000000, 3.147876, 1.281770, 5.007699
1.722, 0.000000, 3.147876, 1.281770, 5.007699
1.723, 0.000000, 3.147876, 1.281770, 5.007699
1.724, 0.000000, 3.147876, 1.281770, 5.007699
1.725, 0.000000, 3.147876, 1.281770, 5.007699
1.726, 0.000000, 3.147876, 1.281770, 5.007699
1.727, 0.000000, 3.147876, 1.281770, 5.007699
1.728, 0.000000, 3.147876, 1.281770, 5.007699
1.729, 0.000000, 3.147876, 1.281770, 5.007699
1.730, 0.000000, 3.147876, 1.281770, 5.007699
1.731, 0.000000, 3.147876, 1.281770, 5.007699
1.732, 0.000000, 3.147876, 1.281770, 5.007699
1.733, 0.000000, 3.147876, 1.281770, 5.007699
1.734, 0.000000, 3.147876, 1.281770, 5.007699
1.735, 0.000000, 3.147876, 1.281770, 5.007699
1.736, 0.000000, 3.147876, 1.281770, 5.007699
1.737, 0.000000, 3.147876, 1.281770, 5.007699
1.738, 0.000000, 3.147876, 1.281770, 5.007699
1.739, 0.000000, 3.147876, 1.281770, 5.007699
1.740, 0.000000, 3.147876, 1.281770, 5.007699
1.741, 0.000000, 3.147876, 1.281770, 5.007699
1.742, 0.000000, 3.147876, 1.281770, 5.007699
1.743, 0.000000, 3.147876, 1.281770, 5.007699
1.744, 0.000000, 3.147876, 1.281770, 5.007699
1.745, 0.000000, 3.147876, 1.281770, 5.007699
1.746, 0.000000, 3.147876, 1.281770, 5.007699
1.747, 0.000000, 3.147876, 1.281770, 5.007699
1.748, 0.000000, 3.147876, 1.281770, 5.007699
1.749, 0.000000, 3.147876, 1.281770, 5.007699
1.750, 0.000000, 3.147876, 1.281770, 5.007699
1.751, 0.000000, 3.147876, 1.281770, 5.007699
1.752, 0.000000, 3.147876, 1.281770, 5.007699
1.753, 0.000000, 3.147876, 1.281770, 5.007699
1.754, 0.000000, 3.147876, 1.281770, 5.007699
1.755, 0.000000, 3.147876, 1.288053, 5.001416
1.756, 0.000000, 3.147876, 1.288053, 5.001416
1.757, 0.000000, 3.147876, 1.288053, 5.001416
1.758, 0.000000, 3.147876, 1.288053, 5.001416
1.759, 0.000000, 3.147876, 1.288053, 5.001416
1.760, 0.000000, 3.147876, 1.288053, 5.001416
1.761, 0.000000, 3.147876, 1.288053, 5.001416
1.762, 0.000000, 3.147876, 1.288053, 5.001416
1.763, 0.000000, 3.147876, 1.288053, 5.001416
1.764, 0.000000, 3.147876, 1.288053, 5.001416
1.765, 0.000000, 3.147876, 1.288053, 5.001416
1.766, 0.000000, 3.147876, 1.288053, 5.001416
1.767, 0.000000, 3.147876, 1.288053, 5.001416
1.768, 0.000000, 3.147876, 1.288053, 5.001416
1.769, 0.000000, 3.147876, 1.288053, 5.001416
1.770, 0.000000, 3.147876, 1.288053, 5.001416
1.771, 0.000000, 3.147876, 1.288053, 5.001416
1.772, 0.000000, 3.147876, 1.288053, 5.001416
1.773, 0.000000, 3.147876, 1.288053, 5.001416
1.774, 0.000000, 3.147876, 1.288053, 5.001416
1.775, 0.000000, 3.147876, 1.288053, 5.001416
1.776, 0.000000, 3.147876, 1.288053, 5.001416
1.777, 0.000000, 3.147876, 1.288053, 5.001416
1.778, 0.000000, 3.147876, 1.288053, 5.001416
1.779, 0.000000, 3.147876, 1.288053, 5.001416
1.780, 0.000000, 3.147876, 1.288053, 5.001416
1.781, 0.000000, 3.147876, 1.288053, 5.001416
1.782, 0.000000, 3.147876, 1.288053, 5.001416
1.783, 0.000000, 3.147876, 1.288053, 5.001416
1.784, 0.000000, 3.147876, 1.288053, 5.001416
1.785, 0.000000, 3.147876, 1.288053, 5.001416
1.786, 0.000000, 3.147876, 1.288053, 5.001416
1.787, 0.000000, 3.147876, 1.288053, 5.001416
1.788, 0.000000, 3.147876, 1.288053, 5.001416
1.789, 0.000000, 3.147876, 1.288053, 5.001416
1.790, 0.000000, 3.147876, 1.288053, 5.001416
1.791, 0.000000, 3.147876, 1.288053, 5.001416
1.792, 0.000000, 3.147876, 1.288053, 5.001416
1.793, 0.000000, 3.147876, 1.294336, 4.995132
1.794, 0.000000, 3.147876, 1.294336, 4.995132
1.795, 0.000000, 3.147876, 1.294336, 4.995132
1.796, 0.000000, 3.147876, 1.294336, 4.995132
1.797, 0.000000, 3.147876, 1.294336, 4.995132
1.798, 0.000000, 3.147876, 1.294336, 4.995132
1.799, 0.000000, 3.147876, 1.294336, 4.995132
1.800, 0.000000, 3.147876, 1.294336, 4.995132
1.801, 0.000000, 3.147876, 1.294336, 4.995132
1.802, 0.000000, 3.147876, 1.294336, 4.995132
1.803, 0.000000, 3.147876, 1.294336, 4.995132
1.804, 0.000000, 3.147876, 1.294336, 4.995132
1.805, 0.000000, 3.147876, 1.294336, 4.995132
1.806, 0.000000, 3.147876, 1.294336, 4.995132
1.807, 0.000000, 3.147876, 1.294336, 4.995132
1.808, 0.000000, 3.147876, 1.294336, 4.995132
1.809, 0.000000, 3.147876, 1.294336, 4.995132
1.810, 0.000000, 3.147876, 1.294336, 4.995132
1.811, 0.000000, 3.147876, 1.294336, 4.995132
1.812, 0.000000, 3.147876, 1.294336, 4.995132
1.813, 0.000000, 3.147876, 1.294336, 4.995132
1.814, 0.000000, 3.147876, 1.294336, 4.995132
1.815, 0.000000, 3.147876, 1.294336, 4.995132
1.816, 0.000000, 3.147876, 1.294336, 4.995132
1.817, 0.000000, 3.147876, 1.294336, 4.995132
1.818, 0.000000, 3.147876, 1.294336, 4.995132
1.819, 0.000000, 3.147876, 1.294336, 4.995132
1.820, 0.000000, 3.147876, 1.294336, 4.995132
1.821, 0.000000, 3.147876, 1.294336, 4.995132
1.822, 0.000000, 3.147876, 1.294336, 4.995132
1.823, 0.000000, 3.147876, 1.294336, 4.995132
1.824, 0.000000, 3.147876, 1.294336, 4.995132
1.825, 0.000000, 3.147876, 1.294336, 4.995132
1.826, 0.000000, 3.147876, 1.294336, 4.995132
1.827, 0.000000, 3.147876, 1.294336, 4.995132
1.828, 0.000000, 3.147876, 1.294336, 4.995132
1.829, 0.000000, 3.147876, 1.294336, 4.995132
1.830, 0.000000, 3.147876, 1.294336, 4.995132
1.831, 0.000000, 3.147876, 1.294336, 4.995132
1.832, 0.000000, 3.147876, 1.300619, 4.988849
1.833, 0.000000, 3.147876, 1.300619, 4.988849
1.834, 0.000000, 3.147876, 1.300619, 4.988849
1.835, 0.000000, 3.147876, 1.300619, 4.988849
1.836, 0.000000, 3.147876, 1.300619, 4.988849
1.837, 0.000000, 3.147876, 1.300619, 4.988849
1.838, 0.000000, 3.147876, 1.300619, 4.988849
1.839, 0.000000, 3.147876, 1.300619, 4.988849
1.840, 0.000000, 3.147876, 1.300619, 4.988849
1.841, 0.000000, 3.147876, 1.300619, 4.988849
1.842, 0.000000, 3.147876, 1.300619, 4.988849
1.843, 0.000000, 3.147876, 1.300619, 4.988849
1.844, 0.000000, 3.147876, 1.300619, 4.988849
1.845, 0.000000, 3.147876, 1.300619, 4.988849
1.846, 0.000000, 3.147876, 1.300619, 4.988849
1.847, 0.000000, 3.147876, 1.300619, 4.988849
1.848, 0.000000, 3.147876, 1.300619, 4.988849
1.849, 0.000000, 3.147876, 1.300619, 4.988849
1.850, 0.000000, 3.147876, 1.300619, 4.988849
1.851, 0.000000, 3.147876, 1.300619, 4.988849
1.852, 0.000000, 3.147876, 1.300619, 4.988849
1.853, 0.000000, 3.147876, 1.300619, 4.988849
1.854, 0.000000, 3.147876, 1.300619, 4.988849
1.855, 0.000000, 3.147876, 1.300619, 4.988849
1.856, 0.000000, 3.147876, 1.300619, 4.988849
1.857, 0.000000, 3.147876, 1.300619, 4.988849
1.858, 0.000000, 3.147876, 1.300619, 4.988849
1.859, 0.000000, 3.147876, 1.300619, 4.988849
1.860, 0.000000, 3.147876, 1.300619, 4.988849
1.861, 0.000000, 3.147876, 1.300619, 4.988849
1.862, 0.000000, 3.147876, 1.300619, 4.988849
1.863, 0.000000, 3.147876, 1.300619, 4.988849
1.864, 0.000000, 3.147876, 1.300619, 4.988849
1.865, 0.000000, 3.147876, 1.300619, 4.988849
1.866, 0.000000, 3.147876, 1.300619, 4.988849
1.867, 0.000000, 3.147876, 1.300619, 4.988849
1.868, 0.000000, 3.147876, 1.300619, 4.988849
1.869, 0.000000, 3.147876, 1.300619, 4.988849
1.870, 0.000000, 3.147876, 1.300619, 4.988849
1.871, 0.000000, 3.147876, 1.300619, 4.988849
1.872, 0.000000, 3.147876, 1.300619, 4.988849
1.873, 0.000000, 3.147876, 1.300619, 4.988849
1.874, 0.000000, 3.147876, 1.306903, 4.982566
1.875, 0.000000, 3.147876, 1.306903, 4.982566
1.876, 0.000000, 3.147876, 1.306903, 4.982566
1.877, 0.000000, 3.147876, 1.306903, 4.982566
1.878, 0.000000, 3.147876, 1.306903, 4.982566
1.879, 0.000000, 3.147876, 1.306903, 4.982566
1.880, 0.000000, 3.147876, 1.306903, 4.982566
1.881, 0.000000, 3.147876, 1.306903, 4.982566
1.882, 0.000000, 3.147876, 1.306903, 4.982566
1.883, 0.000000, 3.147876, 1.306903, 4.982566
1.884, 0.000000, 3.147876, 1.306903, 4.982566
1.885, 0.000000, 3.147876, 1.306903, 4.982566
1.886, 0.000000, 3.147876, 1.306903, 4.982566
1.887, 0.000000, 3.147876, 1.306903, 4.982566
1.888, 0.000000, 3.147876, 1.306903, 4.982566
1.889, 0.000000, 3.147876, 1.306903, 4.982566
1.890, 0.000000, 3.147876, 1.306903, 4.982566
1.891, 0.000000, 3.147876, 1.306903, 4.982566
1.892, 0.000000, 3.147876, 1.306903, 4.982566
1.893, 0.000000, 3.147876, 1.306903, 4.982566
1.894, 0.000000, 3.147876, 1.306903, 4.982566
1.895, 0.000000, 3.147876, 1.306903, 4.982566
1.896, 0.000000, 3.147876, 1.306903, 4.982566
1.897, 0.000000, 3.147876, 1.306903, 4.982566
1.898, 0.000000, 3.147876, 1.306903, 4.982566
1.899, 0.000000, 3.147876, 1.306903, 4.982566
1.900, 0.000000, 3.147876, 1.306903, 4.982566
1.901, 0.000000, 3.147876, 1.306903, 4.982566
1.902, 0.000000, 3.147876, 1.306903, 4.982566
1.903, 0.000000, 3.147876, 1.306903, 4.982566
1.904, 0.000000, 3.147876, 1.306903, 4.982566
1.905, 0.000000, 3.147876, 1.306903, 4.982566
1.906, 0.000000, 3.147876, 1.306903, 4.982566
1.907, 0.000000, 3.147876, 1.306903, 4.982566
1.908, 0.000000, 3.147876, 1.306903, 4.982566
1.909, 0.000000, 3.147876, 1.306903, 4.982566
1.910, 0.000000, 3.147876, 1.306903, 4.982566
1.911, 0.000000, 3.147876, 1.306903, 4.982566
1.912, 0.000000, 3.147876, 1.306903, 4.982566
1.913, 0.000000, 3.147876, 1.306903, 4.982566
1.914, 0.000000, 3.147876, 1.306903, 4.982566
1.915, 0.000000, 3.147876, 1.306903, 4.982566
1.916, 0.000000, 3.147876, 1.306903, 4.982566
1.917, 0.000000, 3.147876, 1.313186, 4.976283
1.918, 0.000000, 3.147876, 1.313186, 4.976283
1.919, 0.000000, 3.147876, 1.313186, 4.976283
1.920, 0.000000, 3.147876, 1.313186, 4.976283
1.921, 0.000000, 3.147876, 1.313186, 4.976283
1.922, 0.000000, 3.147876, 1.313186, 4.976283
1.923, 0.000000, 3.147876, 1.313186, 4.976283
1.924, 0.000000, 3.147876, 1.313186, 4.976283
1.925, 0.000000, 3.147876, 1.313186, 4.976283
1.926, 0.000000, 3.147876, 1.313186, 4.976283
1.927, 0.000000, 3.147876, 1.313186, 4.976283
1.928, 0.000000, 3.147876, 1.313186, 4.976283
1.929, 0.000000, 3.147876, 1.313186, 4.976283
1.930, 0.000000, 3.147876, 1.313186, 4.976283
1.931, 0.000000, 3.147876, 1.313186, 4.976283
1.932, 0.000000, 3.147876, 1.313186, 4.976283
1.933, 0.000000, 3.147876, 1.313186, 4.976283
1.934, 0.000000, 3.147876, 1.313186, 4.976283
1.935, 0.000000, 3.147876, 1.313186, 4.976283
1.936, 0.000000, 3.147876, 1.313186, 4.976283
1.937, 0.000000, 3.147876, 1.313186, 4.976283
1.938, 0.000000, 3.147876, 1.313186, 4.976283
1.939, 0.000000, 3.147876, 1.313186, 4.976283
1.940, 0.000000, 3.147876, 1.313186, 4.976283
1.941, 0.000000, 3.147876, 1.313186, 4.976283
1.942, 0.000000, 3.147876, 1.313186, 4.976283
1.943, 0.000000, 3.147876, 1.313186, 4.976283
1.944, 0.000000, 3.147876, 1.313186, 4.976283
1.945, 0.000000, 3.147876, 1.313186, 4.976283
1.946, 0.000000, 3.147876, 1.313186, 4.976283
1.947, 0.000000, 3.147876, 1.313186, 4.976283
1.948, 0.000000, 3.147876, 1.313186, 4.976283
1.949, 0.000000, 3.147876, 1.313186, 4.976283
1.950, 0.000000, 3.147876, 1.313186, 4.976283
1.951, 0.000000, 3.147876, 1.313186, 4.976283
1.952, 0.000000, 3.147876, 1.313186, 4.976283
1.953, 0.000000, 3.147876, 1.313186, 4.976283
1.954, 0.000000, 3.147876, 1.313186, 4.976283
1.955, 0.000000, 3.147876, 1.313186, 4.976283
1.956, 0.000000, 3.147876, 1.313186, 4.976283
1.957, 0.000000, 3.147876, 1.313186, 4.976283
1.958, 0.000000, 3.147876, 1.313186, 4.976283
1.959, 0.000000, 3.147876, 1.313186, 4.976283
1.960, 0.000000, 3.147876, 1.313186, 4.976283
1.961, 0.000000, 3.147876, 1.313186, 4.976283
1.962, 0.000000, 3.147876, 1.313186, 4.976283
1.963, 0.000000, 3.147876, 1.319469, 4.970000
1.964, 0.000000, 3.147876, 1.319469, 4.970000
1.965, 0.000000, 3.147876, 1.319469, 4.970000
1.966, 0.000000, 3.147876, 1.319469, 4.970000
1.967, 0.000000, 3.147876, 1.319469, 4.970000
1.968, 0.000000, 3.147876, 1.319469, 4.970000
1.969, 0.000000, 3.147876, 1.319469, 4.970000
1.970, 0.000000, 3.147876, 1.319469, 4.970000
1.971, 0.000000, 3.147876, 1.319469, 4.970000
1.972, 0.000000, 3.147876, 1.319469, 4.970000
1.973, 0.000000, 3.147876, 1.319469, 4.970000
1.974, 0.000000, 3.147876, 1.319469, 4.970000
1.975, 0.000000, 3.147876, 1.319469, 4.970000
1.976, 0.000000, 3.147876, 1.319469, 4.970000
1.977, 0.000000, 3.147876, 1.319469, 4.970000
1.978, 0.000000, 3.147876, 1.319469, 4.970000
1.979, 0.000000, 3.147876, 1.319469, 4.970000
1.980, 0.000000, 3.147876, 1.319469, 4.970000
1.981, 0.000000, 3.147876, 1.319469, 4.970000
1.982, 0.000000, 3.147876, 1.319469, 4.970000
1.983, 0.000000, 3.147876, 1.319469, 4.970000
1.984, 0.000000, 3.147876, 1.319469, 4.970000
1.985, 0.000000, 3.147876, 1.319469, 4.970000
1.986, 0.000000, 3.147876, 1.319469, 4.970000
1.987, 0.000000, 3.147876, 1.319469, 4.970000
1.988, 0.000000, 3.147876, 1.319469, 4.970000
1.989, 0.000000, 3.147876, 1.319469, 4.970000
1.990, 0.000000, 3.147876, 1.319469, 4.970000
1.991, 0.000000, 3.147876, 1.319469, 4.970000
1.992, 0.000000, 3.147876, 1.319469, 4.970000
1.993, 0.000000, 3.147876, 1.319469, 4.970000
1.994, 0.000000, 3.147876, 1.319469, 4.970000
1.995, 0.000000, 3.147876, 1.319469, 4.970000
1.996, 0.000000, 3.147876, 1.319469, 4.970000
1.997, 0.000000, 3.147876, 1.319469, 4.970000
1.998, 0.000000, 3.147876, 1.319469, 4.970000
1.999, 0.000000, 3.147876, 1.319469, 4.970000
2.000, 0.000000, 3.147876, 1.319469, 4.970000
